pack,id,domains,phase,service,title,url,status,raw_path,md_path,fetched_at
01-fases-curadas,EXAM-01,EXAM,0,AWS Certification,AWS Certified Solutions Architect - Associate (página oficial del examen),https://aws.amazon.com/certification/certified-solutions-architect-associate/,ok,bronze/01-fases-curadas/raw/0-exam-y-recursos-oficiales/EXAM-01.html,bronze/01-fases-curadas/markdown/0-exam-y-recursos-oficiales/EXAM-01.md,previo
01-fases-curadas,EXAM-02,EXAM,0,AWS Certification,Exam Guide oficial SAA-C03 (HTML en AWS Docs),https://docs.aws.amazon.com/aws-certification/latest/solutions-architect-associate-03/solutions-architect-associate-03.html,ok,bronze/01-fases-curadas/raw/0-exam-y-recursos-oficiales/EXAM-02.html,bronze/01-fases-curadas/markdown/0-exam-y-recursos-oficiales/EXAM-02.md,previo
01-fases-curadas,EXAM-03,EXAM,0,AWS Certification,Exam Guide oficial SAA-C03 (PDF),https://d1.awsstatic.com/training-and-certification/docs-sa-assoc/AWS-Certified-Solutions-Architect-Associate_Exam-Guide_C03.pdf,ok,bronze/01-fases-curadas/raw/0-exam-y-recursos-oficiales/EXAM-03.pdf,bronze/01-fases-curadas/markdown/0-exam-y-recursos-oficiales/EXAM-03.md,2026-09-11T03:35:01
01-fases-curadas,EXAM-04,EXAM,0,AWS Skill Builder,Categoría Exam Prep SAA-C03 en AWS Skill Builder,https://skillbuilder.aws/category/exam-prep/solutions-architect-associate-SAA-C03,ok,bronze/01-fases-curadas/raw/0-exam-y-recursos-oficiales/EXAM-04.html,bronze/01-fases-curadas/markdown/0-exam-y-recursos-oficiales/EXAM-04.md,previo
01-fases-curadas,EXAM-05,EXAM,0,AWS Skill Builder,Exam Prep Plan: AWS Certified Solutions Architect - Associate (SAA-C03),https://skillbuilder.aws/learning-plan/UYRXS2DF85/exam-prep-plan-aws-certified-solutions-architect--associate-saac03--english/U991QUF9C3,ok,bronze/01-fases-curadas/raw/0-exam-y-recursos-oficiales/EXAM-05.html,bronze/01-fases-curadas/markdown/0-exam-y-recursos-oficiales/EXAM-05.md,previo
01-fases-curadas,EXAM-06,EXAM,0,AWS Whitepapers,AWS Whitepapers & Guides (centro oficial),https://aws.amazon.com/whitepapers/,ok,bronze/01-fases-curadas/raw/0-exam-y-recursos-oficiales/EXAM-06.html,bronze/01-fases-curadas/markdown/0-exam-y-recursos-oficiales/EXAM-06.md,previo
01-fases-curadas,FND-01,"D1,D2,D3",1,AWS Overview,AWS Overview whitepaper - Introduction,https://docs.aws.amazon.com/whitepapers/latest/aws-overview/introduction.html,ok,bronze/01-fases-curadas/raw/1-fundamentos-y-well-architected/FND-01.html,bronze/01-fases-curadas/markdown/1-fundamentos-y-well-architected/FND-01.md,previo
01-fases-curadas,FND-02,"D1,D2",1,AWS Overview,"AWS Overview - AWS global infrastructure (Regions, AZs, edge)",https://docs.aws.amazon.com/whitepapers/latest/aws-overview/aws-global-infrastructure.html,ok,bronze/01-fases-curadas/raw/1-fundamentos-y-well-architected/FND-02.html,bronze/01-fases-curadas/markdown/1-fundamentos-y-well-architected/FND-02.md,previo
01-fases-curadas,FND-03,"D1,D2,D3,D4",1,Well-Architected,AWS Well-Architected Framework - Welcome,https://docs.aws.amazon.com/wellarchitected/latest/framework/welcome.html,ok,bronze/01-fases-curadas/raw/1-fundamentos-y-well-architected/FND-03.html,bronze/01-fases-curadas/markdown/1-fundamentos-y-well-architected/FND-03.md,2026-09-11T03:20:21
01-fases-curadas,FND-04,"D1,D2,D3,D4",1,Well-Architected,Well-Architected Framework - The six pillars,https://docs.aws.amazon.com/wellarchitected/latest/framework/pillars.html,ok,bronze/01-fases-curadas/raw/1-fundamentos-y-well-architected/FND-04.html,bronze/01-fases-curadas/markdown/1-fundamentos-y-well-architected/FND-04.md,2026-09-11T03:20:29
01-fases-curadas,FND-05,D1,1,Well-Architected,Well-Architected - Security pillar,https://docs.aws.amazon.com/wellarchitected/latest/framework/security.html,ok,bronze/01-fases-curadas/raw/1-fundamentos-y-well-architected/FND-05.html,bronze/01-fases-curadas/markdown/1-fundamentos-y-well-architected/FND-05.md,2026-09-11T03:20:34
01-fases-curadas,FND-06,D2,1,Well-Architected,Well-Architected - Reliability pillar,https://docs.aws.amazon.com/wellarchitected/latest/framework/reliability.html,ok,bronze/01-fases-curadas/raw/1-fundamentos-y-well-architected/FND-06.html,bronze/01-fases-curadas/markdown/1-fundamentos-y-well-architected/FND-06.md,2026-09-11T03:20:41
01-fases-curadas,FND-07,D3,1,Well-Architected,Well-Architected - Performance Efficiency pillar,https://docs.aws.amazon.com/wellarchitected/latest/framework/performance-efficiency.html,ok,bronze/01-fases-curadas/raw/1-fundamentos-y-well-architected/FND-07.html,bronze/01-fases-curadas/markdown/1-fundamentos-y-well-architected/FND-07.md,2026-09-11T03:20:46
01-fases-curadas,FND-08,D4,1,Well-Architected,Well-Architected - Cost Optimization pillar,https://docs.aws.amazon.com/wellarchitected/latest/framework/cost-optimization.html,ok,bronze/01-fases-curadas/raw/1-fundamentos-y-well-architected/FND-08.html,bronze/01-fases-curadas/markdown/1-fundamentos-y-well-architected/FND-08.md,2026-09-11T03:20:50
01-fases-curadas,FND-09,D2,1,Well-Architected,Well-Architected - Operational Excellence pillar,https://docs.aws.amazon.com/wellarchitected/latest/framework/operational-excellence.html,ok,bronze/01-fases-curadas/raw/1-fundamentos-y-well-architected/FND-09.html,bronze/01-fases-curadas/markdown/1-fundamentos-y-well-architected/FND-09.md,2026-09-11T03:20:56
01-fases-curadas,FND-10,D3,1,Well-Architected,Well-Architected - Sustainability pillar,https://docs.aws.amazon.com/wellarchitected/latest/framework/sustainability-pillar.html,ok,bronze/01-fases-curadas/raw/1-fundamentos-y-well-architected/FND-10.html,bronze/01-fases-curadas/markdown/1-fundamentos-y-well-architected/FND-10.md,2026-09-11T03:21:06
01-fases-curadas,FND-11,D1,1,IAM,"IAM User Guide - Introduction (users, groups, roles, policies)",https://docs.aws.amazon.com/IAM/latest/UserGuide/introduction.html,ok,bronze/01-fases-curadas/raw/1-fundamentos-y-well-architected/FND-11.html,bronze/01-fases-curadas/markdown/1-fundamentos-y-well-architected/FND-11.md,previo
01-fases-curadas,FND-12,D1,1,IAM,"IAM - Security best practices (least privilege, MFA, root user)",https://docs.aws.amazon.com/IAM/latest/UserGuide/best-practices.html,ok,bronze/01-fases-curadas/raw/1-fundamentos-y-well-architected/FND-12.html,bronze/01-fases-curadas/markdown/1-fundamentos-y-well-architected/FND-12.md,2026-09-11T03:21:14
01-fases-curadas,FND-13,D1,1,IAM,"IAM - Roles (role switching, cross-account access, STS)",https://docs.aws.amazon.com/IAM/latest/UserGuide/id_roles.html,ok,bronze/01-fases-curadas/raw/1-fundamentos-y-well-architected/FND-13.html,bronze/01-fases-curadas/markdown/1-fundamentos-y-well-architected/FND-13.md,2026-09-11T03:21:21
01-fases-curadas,FND-14,D1,1,IAM,IAM - Policies and permissions (identity vs resource policies),https://docs.aws.amazon.com/IAM/latest/UserGuide/access_policies.html,ok,bronze/01-fases-curadas/raw/1-fundamentos-y-well-architected/FND-14.html,bronze/01-fases-curadas/markdown/1-fundamentos-y-well-architected/FND-14.md,2026-09-11T03:21:27
01-fases-curadas,FND-15,D1,1,AWS STS,AWS Security Token Service - API reference (welcome),https://docs.aws.amazon.com/STS/latest/APIReference/welcome.html,ok,bronze/01-fases-curadas/raw/1-fundamentos-y-well-architected/FND-15.html,bronze/01-fases-curadas/markdown/1-fundamentos-y-well-architected/FND-15.md,2026-09-11T03:21:34
01-fases-curadas,FND-16,D1,1,IAM Identity Center,AWS IAM Identity Center (AWS SSO) - What is,https://docs.aws.amazon.com/singlesignon/latest/userguide/what-is.html,ok,bronze/01-fases-curadas/raw/1-fundamentos-y-well-architected/FND-16.html,bronze/01-fases-curadas/markdown/1-fundamentos-y-well-architected/FND-16.md,2026-09-11T03:21:46
01-fases-curadas,FND-17,"D1,D4",1,AWS Organizations,AWS Organizations - Introduction (multi-account),https://docs.aws.amazon.com/organizations/latest/userguide/orgs_introduction.html,ok,bronze/01-fases-curadas/raw/1-fundamentos-y-well-architected/FND-17.html,bronze/01-fases-curadas/markdown/1-fundamentos-y-well-architected/FND-17.md,previo
01-fases-curadas,FND-18,D1,1,AWS Organizations,AWS Organizations - Service control policies (SCPs),https://docs.aws.amazon.com/organizations/latest/userguide/orgs_manage_policies_scps.html,ok,bronze/01-fases-curadas/raw/1-fundamentos-y-well-architected/FND-18.html,bronze/01-fases-curadas/markdown/1-fundamentos-y-well-architected/FND-18.md,previo
01-fases-curadas,FND-19,D1,1,AWS Control Tower,AWS Control Tower - What is (multi-account governance),https://docs.aws.amazon.com/controltower/latest/userguide/what-is-control-tower.html,ok,bronze/01-fases-curadas/raw/1-fundamentos-y-well-architected/FND-19.html,bronze/01-fases-curadas/markdown/1-fundamentos-y-well-architected/FND-19.md,previo
01-fases-curadas,NET-01,"D1,D2,D3",2,Amazon VPC,Amazon VPC - What is Amazon VPC,https://docs.aws.amazon.com/vpc/latest/userguide/what-is-amazon-vpc.html,ok,bronze/01-fases-curadas/raw/2-redes-y-conectividad/NET-01.html,bronze/01-fases-curadas/markdown/2-redes-y-conectividad/NET-01.md,previo
01-fases-curadas,NET-02,"D1,D3",2,Amazon VPC,"VPC - Subnets (public vs private, CIDR)",https://docs.aws.amazon.com/vpc/latest/userguide/configure-subnets.html,ok,bronze/01-fases-curadas/raw/2-redes-y-conectividad/NET-02.html,bronze/01-fases-curadas/markdown/2-redes-y-conectividad/NET-02.md,previo
01-fases-curadas,NET-03,"D2,D3,D4",2,Amazon VPC,VPC - Route tables,https://docs.aws.amazon.com/vpc/latest/userguide/VPC_Route_Tables.html,ok,bronze/01-fases-curadas/raw/2-redes-y-conectividad/NET-03.html,bronze/01-fases-curadas/markdown/2-redes-y-conectividad/NET-03.md,previo
01-fases-curadas,NET-04,D1,2,Amazon VPC,"VPC - Security groups (stateful, instance level)",https://docs.aws.amazon.com/vpc/latest/userguide/VPC_SecurityGroups.html,ok,bronze/01-fases-curadas/raw/2-redes-y-conectividad/NET-04.html,bronze/01-fases-curadas/markdown/2-redes-y-conectividad/NET-04.md,previo
01-fases-curadas,NET-05,D1,2,Amazon VPC,"VPC - Network ACLs (stateless, subnet level)",https://docs.aws.amazon.com/vpc/latest/userguide/vpc-network-acls.html,ok,bronze/01-fases-curadas/raw/2-redes-y-conectividad/NET-05.html,bronze/01-fases-curadas/markdown/2-redes-y-conectividad/NET-05.md,previo
01-fases-curadas,NET-06,"D1,D4",2,Amazon VPC,VPC - NAT gateways vs NAT instances,https://docs.aws.amazon.com/vpc/latest/userguide/vpc-nat-gateway.html,ok,bronze/01-fases-curadas/raw/2-redes-y-conectividad/NET-06.html,bronze/01-fases-curadas/markdown/2-redes-y-conectividad/NET-06.md,previo
01-fases-curadas,NET-07,"D3,D4",2,Amazon VPC,VPC - VPC peering,https://docs.aws.amazon.com/vpc/latest/peering/what-is-vpc-peering.html,ok,bronze/01-fases-curadas/raw/2-redes-y-conectividad/NET-07.html,bronze/01-fases-curadas/markdown/2-redes-y-conectividad/NET-07.md,previo
01-fases-curadas,NET-08,"D3,D4",2,AWS Transit Gateway,AWS Transit Gateway - What is (hub-and-spoke),https://docs.aws.amazon.com/vpc/latest/tgw/what-is-transit-gateway.html,ok,bronze/01-fases-curadas/raw/2-redes-y-conectividad/NET-08.html,bronze/01-fases-curadas/markdown/2-redes-y-conectividad/NET-08.md,previo
01-fases-curadas,NET-09,"D3,D4",2,AWS PrivateLink,"AWS PrivateLink - Concepts (VPC endpoints, interface/gateway)",https://docs.aws.amazon.com/vpc/latest/privatelink/concepts.html,ok,bronze/01-fases-curadas/raw/2-redes-y-conectividad/NET-09.html,bronze/01-fases-curadas/markdown/2-redes-y-conectividad/NET-09.md,previo
01-fases-curadas,NET-10,"D1,D3,D4",2,AWS Direct Connect,AWS Direct Connect - Welcome (dedicated connections),https://docs.aws.amazon.com/directconnect/latest/UserGuide/Welcome.html,ok,bronze/01-fases-curadas/raw/2-redes-y-conectividad/NET-10.html,bronze/01-fases-curadas/markdown/2-redes-y-conectividad/NET-10.md,previo
01-fases-curadas,NET-11,"D1,D2,D4",2,AWS VPN,AWS Site-to-Site VPN - What is,https://docs.aws.amazon.com/vpn/latest/s2svpn/VPC_VPN.html,ok,bronze/01-fases-curadas/raw/2-redes-y-conectividad/NET-11.html,bronze/01-fases-curadas/markdown/2-redes-y-conectividad/NET-11.md,2026-09-11T03:22:10
01-fases-curadas,NET-12,"D2,D3",2,Amazon Route 53,Amazon Route 53 - Developer Guide (Welcome),https://docs.aws.amazon.com/Route53/latest/DeveloperGuide/Welcome.html,ok,bronze/01-fases-curadas/raw/2-redes-y-conectividad/NET-12.html,bronze/01-fases-curadas/markdown/2-redes-y-conectividad/NET-12.md,2026-09-11T03:22:17
01-fases-curadas,NET-13,D2,2,Amazon Route 53,"Route 53 - Routing policies (failover, latency, geolocation, weighted)",https://docs.aws.amazon.com/Route53/latest/DeveloperGuide/routing-policy.html,ok,bronze/01-fases-curadas/raw/2-redes-y-conectividad/NET-13.html,bronze/01-fases-curadas/markdown/2-redes-y-conectividad/NET-13.md,2026-09-11T03:22:24
01-fases-curadas,NET-14,"D2,D3,D4",2,Amazon CloudFront,"Amazon CloudFront - Introduction (CDN, edge locations)",https://docs.aws.amazon.com/AmazonCloudFront/latest/DeveloperGuide/Introduction.html,ok,bronze/01-fases-curadas/raw/2-redes-y-conectividad/NET-14.html,bronze/01-fases-curadas/markdown/2-redes-y-conectividad/NET-14.md,2026-09-11T03:22:30
01-fases-curadas,NET-15,"D3,D4",2,AWS Global Accelerator,AWS Global Accelerator - What is (static anycast IPs),https://docs.aws.amazon.com/global-accelerator/latest/dg/what-is-global-accelerator.html,ok,bronze/01-fases-curadas/raw/2-redes-y-conectividad/NET-15.html,bronze/01-fases-curadas/markdown/2-redes-y-conectividad/NET-15.md,2026-09-11T03:22:39
01-fases-curadas,NET-16,"D2,D3,D4",2,Elastic Load Balancing,Elastic Load Balancing - What is load balancing (types overview),https://docs.aws.amazon.com/elasticloadbalancing/latest/userguide/what-is-load-balancing.html,ok,bronze/01-fases-curadas/raw/2-redes-y-conectividad/NET-16.html,bronze/01-fases-curadas/markdown/2-redes-y-conectividad/NET-16.md,2026-09-11T03:22:44
01-fases-curadas,NET-17,"D2,D3",2,Elastic Load Balancing,Application Load Balancer - Introduction (Layer 7),https://docs.aws.amazon.com/elasticloadbalancing/latest/application/introduction.html,ok,bronze/01-fases-curadas/raw/2-redes-y-conectividad/NET-17.html,bronze/01-fases-curadas/markdown/2-redes-y-conectividad/NET-17.md,2026-09-11T03:22:48
01-fases-curadas,NET-18,"D3,D4",2,Elastic Load Balancing,Network Load Balancer - Introduction (Layer 4),https://docs.aws.amazon.com/elasticloadbalancing/latest/network/introduction.html,ok,bronze/01-fases-curadas/raw/2-redes-y-conectividad/NET-18.html,bronze/01-fases-curadas/markdown/2-redes-y-conectividad/NET-18.md,2026-09-11T03:22:53
01-fases-curadas,NET-19,"D3,D4",2,Elastic Load Balancing,"Gateway Load Balancer - Introduction (Layer 3, appliances)",https://docs.aws.amazon.com/elasticloadbalancing/latest/gateway/introduction.html,ok,bronze/01-fases-curadas/raw/2-redes-y-conectividad/NET-19.html,bronze/01-fases-curadas/markdown/2-redes-y-conectividad/NET-19.md,2026-09-11T03:22:58
01-fases-curadas,NET-20,"D2,D3",2,Amazon API Gateway,Amazon API Gateway - Developer Guide (Welcome),https://docs.aws.amazon.com/apigateway/latest/developerguide/welcome.html,ok,bronze/01-fases-curadas/raw/2-redes-y-conectividad/NET-20.html,bronze/01-fases-curadas/markdown/2-redes-y-conectividad/NET-20.md,previo
01-fases-curadas,CMP-01,"D3,D4",3,Amazon EC2,"Amazon EC2 - Concepts (instances, AMIs)",https://docs.aws.amazon.com/AWSEC2/latest/UserGuide/concepts.html,ok,bronze/01-fases-curadas/raw/3-computo/CMP-01.html,bronze/01-fases-curadas/markdown/3-computo/CMP-01.md,previo
01-fases-curadas,CMP-02,"D3,D4",3,Amazon EC2,"EC2 - Instance types (families: general, compute, memory, storage, accelerated)",https://docs.aws.amazon.com/AWSEC2/latest/UserGuide/instance-types.html,ok,bronze/01-fases-curadas/raw/3-computo/CMP-02.html,bronze/01-fases-curadas/markdown/3-computo/CMP-02.md,previo
01-fases-curadas,CMP-03,D4,3,Amazon EC2,"EC2 - Purchase options overview (On-Demand, RI, Spot, Savings)",https://docs.aws.amazon.com/AWSEC2/latest/UserGuide/ec2-purchase-options.html,ok,bronze/01-fases-curadas/raw/3-computo/CMP-03.html,bronze/01-fases-curadas/markdown/3-computo/CMP-03.md,previo
01-fases-curadas,CMP-04,D4,3,Amazon EC2,"EC2 - Spot Instances (interruptions, Spot Fleets)",https://docs.aws.amazon.com/AWSEC2/latest/UserGuide/using-spot-instances.html,ok,bronze/01-fases-curadas/raw/3-computo/CMP-04.html,bronze/01-fases-curadas/markdown/3-computo/CMP-04.md,previo
01-fases-curadas,CMP-05,D4,3,Amazon EC2,EC2 - Reserved Instances (Standard vs Convertible),https://docs.aws.amazon.com/AWSEC2/latest/UserGuide/reserved-instances.html,ok,bronze/01-fases-curadas/raw/3-computo/CMP-05.html,bronze/01-fases-curadas/markdown/3-computo/CMP-05.md,previo
01-fases-curadas,CMP-06,D4,3,Savings Plans,AWS Savings Plans - What is (Compute vs EC2 Instance SP),https://docs.aws.amazon.com/savingsplans/latest/userguide/what-is-savings-plans.html,ok,bronze/01-fases-curadas/raw/3-computo/CMP-06.html,bronze/01-fases-curadas/markdown/3-computo/CMP-06.md,previo
01-fases-curadas,CMP-07,D3,3,Amazon EC2,"EC2 - Placement groups (cluster, spread, partition)",https://docs.aws.amazon.com/AWSEC2/latest/UserGuide/placement-groups.html,ok,bronze/01-fases-curadas/raw/3-computo/CMP-07.html,bronze/01-fases-curadas/markdown/3-computo/CMP-07.md,2026-09-11T03:23:16
01-fases-curadas,CMP-08,D4,3,Amazon EC2,"EC2 - Hibernation (RAM persistence, cost saving)",https://docs.aws.amazon.com/AWSEC2/latest/UserGuide/Hibernate.html,ok,bronze/01-fases-curadas/raw/3-computo/CMP-08.html,bronze/01-fases-curadas/markdown/3-computo/CMP-08.md,2026-09-11T03:23:21
01-fases-curadas,CMP-09,D2,3,Amazon EC2,"EC2 - AMIs (golden images, regions sharing)",https://docs.aws.amazon.com/AWSEC2/latest/UserGuide/AMIs.html,ok,bronze/01-fases-curadas/raw/3-computo/CMP-09.html,bronze/01-fases-curadas/markdown/3-computo/CMP-09.md,2026-09-11T03:23:28
01-fases-curadas,CMP-10,"D3,D4",3,Amazon EBS,Amazon EBS - What is (block storage for EC2),https://docs.aws.amazon.com/ebs/latest/userguide/what-is-ebs.html,ok,bronze/01-fases-curadas/raw/3-computo/CMP-10.html,bronze/01-fases-curadas/markdown/3-computo/CMP-10.md,previo
01-fases-curadas,CMP-11,"D3,D4",3,Amazon EBS,"EBS - Volume types (gp3, gp2, io1/io2, st1, sc1)",https://docs.aws.amazon.com/ebs/latest/userguide/ebs-volume-types.html,ok,bronze/01-fases-curadas/raw/3-computo/CMP-11.html,bronze/01-fases-curadas/markdown/3-computo/CMP-11.md,previo
01-fases-curadas,CMP-12,"D2,D4",3,Amazon EBS,"EBS - Snapshots (incremental, cross-region, archives)",https://docs.aws.amazon.com/ebs/latest/userguide/ebs-snapshots.html,ok,bronze/01-fases-curadas/raw/3-computo/CMP-12.html,bronze/01-fases-curadas/markdown/3-computo/CMP-12.md,2026-09-11T03:23:34
01-fases-curadas,CMP-13,"D2,D3",3,EC2 Auto Scaling,"EC2 Auto Scaling - Auto Scaling groups (health checks, AZs)",https://docs.aws.amazon.com/autoscaling/ec2/userguide/AutoScalingGroup.html,ok,bronze/01-fases-curadas/raw/3-computo/CMP-13.html,bronze/01-fases-curadas/markdown/3-computo/CMP-13.md,2026-09-11T03:23:40
01-fases-curadas,CMP-14,D3,3,EC2 Auto Scaling,EC2 Auto Scaling - Target tracking scaling policies,https://docs.aws.amazon.com/autoscaling/ec2/userguide/as-scaling-target-tracking.html,ok,bronze/01-fases-curadas/raw/3-computo/CMP-14.html,bronze/01-fases-curadas/markdown/3-computo/CMP-14.md,2026-09-11T03:23:46
01-fases-curadas,CMP-15,"D2,D3,D4",3,AWS Lambda,AWS Lambda - Developer Guide (Welcome),https://docs.aws.amazon.com/lambda/latest/dg/welcome.html,ok,bronze/01-fases-curadas/raw/3-computo/CMP-15.html,bronze/01-fases-curadas/markdown/3-computo/CMP-15.md,2026-09-11T03:23:49
01-fases-curadas,CMP-16,D3,3,AWS Lambda,"Lambda - Function configuration (memory, timeouts)",https://docs.aws.amazon.com/lambda/latest/dg/configuration-memory.html,ok,bronze/01-fases-curadas/raw/3-computo/CMP-16.html,bronze/01-fases-curadas/markdown/3-computo/CMP-16.md,2026-09-11T03:23:55
01-fases-curadas,CMP-17,"D2,D3",3,Amazon ECS,Amazon ECS - Developer Guide (Welcome),https://docs.aws.amazon.com/AmazonECS/latest/developerguide/Welcome.html,ok,bronze/01-fases-curadas/raw/3-computo/CMP-17.html,bronze/01-fases-curadas/markdown/3-computo/CMP-17.md,2026-09-11T03:24:01
01-fases-curadas,CMP-18,"D2,D3",3,Amazon EKS,Amazon EKS - What is (managed Kubernetes),https://docs.aws.amazon.com/eks/latest/userguide/what-is-eks.html,ok,bronze/01-fases-curadas/raw/3-computo/CMP-18.html,bronze/01-fases-curadas/markdown/3-computo/CMP-18.md,2026-09-11T03:30:26
01-fases-curadas,CMP-19,"D2,D3,D4",3,AWS Fargate,AWS Fargate - Serverless compute for containers,https://docs.aws.amazon.com/AmazonECS/latest/developerguide/AWS_Fargate.html,ok,bronze/01-fases-curadas/raw/3-computo/CMP-19.html,bronze/01-fases-curadas/markdown/3-computo/CMP-19.md,2026-09-11T03:30:32
01-fases-curadas,CMP-20,"D2,D3",3,Amazon ECR,Amazon ECR - What is (container registry),https://docs.aws.amazon.com/AmazonECR/latest/userguide/what-is-ecr.html,ok,bronze/01-fases-curadas/raw/3-computo/CMP-20.html,bronze/01-fases-curadas/markdown/3-computo/CMP-20.md,2026-09-11T03:30:38
01-fases-curadas,CMP-21,"D3,D4",3,AWS Batch,"AWS Batch - What is (batch jobs, queues)",https://docs.aws.amazon.com/batch/latest/userguide/what-is-batch.html,ok,bronze/01-fases-curadas/raw/3-computo/CMP-21.html,bronze/01-fases-curadas/markdown/3-computo/CMP-21.md,2026-09-11T03:30:45
01-fases-curadas,CMP-22,D2,3,AWS Elastic Beanstalk,AWS Elastic Beanstalk - Welcome (PaaS deployment),https://docs.aws.amazon.com/elasticbeanstalk/latest/dg/Welcome.html,ok,bronze/01-fases-curadas/raw/3-computo/CMP-22.html,bronze/01-fases-curadas/markdown/3-computo/CMP-22.md,2026-09-11T03:11:21
01-fases-curadas,CMP-23,D3,3,Amazon EMR,Amazon EMR - What is (big data clusters),https://docs.aws.amazon.com/emr/latest/ManagementGuide/emr-what-is-emr.html,ok,bronze/01-fases-curadas/raw/3-computo/CMP-23.html,bronze/01-fases-curadas/markdown/3-computo/CMP-23.md,2026-09-11T03:11:26
01-fases-curadas,CMP-24,D4,3,AWS Outposts,AWS Outposts - What is (hybrid compute),https://docs.aws.amazon.com/outposts/latest/userguide/what-is-outposts.html,ok,bronze/01-fases-curadas/raw/3-computo/CMP-24.html,bronze/01-fases-curadas/markdown/3-computo/CMP-24.md,2026-09-11T03:11:30
01-fases-curadas,CMP-25,D4,3,AWS Snow Family,AWS Snow Family - What is (edge data migration),https://docs.aws.amazon.com/snowball/latest/developer-guide/whatis-snowball.html,ok,bronze/01-fases-curadas/raw/3-computo/CMP-25.html,bronze/01-fases-curadas/markdown/3-computo/CMP-25.md,2026-09-11T03:11:39
01-fases-curadas,STG-01,"D2,D3,D4",4,Amazon S3,Amazon S3 - User Guide (Welcome),https://docs.aws.amazon.com/AmazonS3/latest/userguide/Welcome.html,ok,bronze/01-fases-curadas/raw/4-almacenamiento/STG-01.html,bronze/01-fases-curadas/markdown/4-almacenamiento/STG-01.md,2026-09-11T03:11:50
01-fases-curadas,STG-02,D4,4,Amazon S3,"S3 - Storage classes (Standard, IA, One Zone IA, Glacier tiers)",https://docs.aws.amazon.com/AmazonS3/latest/userguide/storage-class-intro.html,ok,bronze/01-fases-curadas/raw/4-almacenamiento/STG-02.html,bronze/01-fases-curadas/markdown/4-almacenamiento/STG-02.md,2026-09-11T03:11:54
01-fases-curadas,STG-03,D4,4,Amazon S3,"S3 - Managing lifecycle (transitions, expiration)",https://docs.aws.amazon.com/AmazonS3/latest/userguide/object-lifecycle-mgmt.html,ok,bronze/01-fases-curadas/raw/4-almacenamiento/STG-03.html,bronze/01-fases-curadas/markdown/4-almacenamiento/STG-03.md,2026-09-11T03:11:55
01-fases-curadas,STG-04,D1,4,Amazon S3,"S3 - Protecting data with server-side encryption (SSE-S3, SSE-KMS, SSE-C, DSSE)",https://docs.aws.amazon.com/AmazonS3/latest/userguide/protecting-data-encryption.html,ok,bronze/01-fases-curadas/raw/4-almacenamiento/STG-04.html,bronze/01-fases-curadas/markdown/4-almacenamiento/STG-04.md,2026-09-11T03:12:06
01-fases-curadas,STG-05,D2,4,Amazon S3,"S3 - Replication (CRR, SRR)",https://docs.aws.amazon.com/AmazonS3/latest/userguide/replication.html,ok,bronze/01-fases-curadas/raw/4-almacenamiento/STG-05.html,bronze/01-fases-curadas/markdown/4-almacenamiento/STG-05.md,2026-09-11T03:12:08
01-fases-curadas,STG-06,"D1,D2",4,Amazon S3,"S3 - Versioning (MFA delete, protection)",https://docs.aws.amazon.com/AmazonS3/latest/userguide/Versioning.html,ok,bronze/01-fases-curadas/raw/4-almacenamiento/STG-06.html,bronze/01-fases-curadas/markdown/4-almacenamiento/STG-06.md,2026-09-11T03:12:14
01-fases-curadas,STG-07,D2,4,Amazon S3,"S3 - Event notifications (SQS, SNS, Lambda triggers)",https://docs.aws.amazon.com/AmazonS3/latest/userguide/EventNotifications.html,ok,bronze/01-fases-curadas/raw/4-almacenamiento/STG-07.html,bronze/01-fases-curadas/markdown/4-almacenamiento/STG-07.md,2026-09-11T03:30:47
01-fases-curadas,STG-08,D3,4,Amazon S3,"S3 - Performance guidelines (prefixes, multipart, byte-range)",https://docs.aws.amazon.com/AmazonS3/latest/userguide/optimizing-performance.html,ok,bronze/01-fases-curadas/raw/4-almacenamiento/STG-08.html,bronze/01-fases-curadas/markdown/4-almacenamiento/STG-08.md,2026-09-11T03:20:25
01-fases-curadas,STG-09,"D2,D4",4,Amazon S3,S3 - Website hosting (static hosting),https://docs.aws.amazon.com/AmazonS3/latest/userguide/WebsiteHosting.html,ok,bronze/01-fases-curadas/raw/4-almacenamiento/STG-09.html,bronze/01-fases-curadas/markdown/4-almacenamiento/STG-09.md,2026-09-11T03:20:33
01-fases-curadas,STG-10,D4,4,Amazon S3,S3 - Requester Pays buckets,https://docs.aws.amazon.com/AmazonS3/latest/userguide/RequesterPaysBuckets.html,ok,bronze/01-fases-curadas/raw/4-almacenamiento/STG-10.html,bronze/01-fases-curadas/markdown/4-almacenamiento/STG-10.md,2026-09-11T03:20:40
01-fases-curadas,STG-11,D4,4,S3 Glacier,"S3 Glacier - Storage classes (Instant, Flexible, Deep Archive)",https://docs.aws.amazon.com/amazonglacier/latest/dev/introducing-storage-classes.html,ok,bronze/01-fases-curadas/raw/4-almacenamiento/STG-11.html,bronze/01-fases-curadas/markdown/4-almacenamiento/STG-11.md,2026-09-11T03:20:48
01-fases-curadas,STG-12,"D3,D4",4,Amazon EFS,"Amazon EFS - What is (NFS, Elastic, shared)",https://docs.aws.amazon.com/efs/latest/ug/whatisefs.html,ok,bronze/01-fases-curadas/raw/4-almacenamiento/STG-12.html,bronze/01-fases-curadas/markdown/4-almacenamiento/STG-12.md,previo
01-fases-curadas,STG-13,"D3,D4",4,Amazon FSx,Amazon FSx for Windows File Server - What is,https://docs.aws.amazon.com/fsx/latest/WindowsGuide/what-is.html,ok,bronze/01-fases-curadas/raw/4-almacenamiento/STG-13.html,bronze/01-fases-curadas/markdown/4-almacenamiento/STG-13.md,previo
01-fases-curadas,STG-14,"D3,D4",4,AWS Storage Gateway,"AWS Storage Gateway - What is (hybrid: file, volume, tape)",https://docs.aws.amazon.com/storagegateway/latest/userguide/WhatIsStorageGateway.html,ok,bronze/01-fases-curadas/raw/4-almacenamiento/STG-14.html,bronze/01-fases-curadas/markdown/4-almacenamiento/STG-14.md,2026-09-11T03:20:53
01-fases-curadas,STG-15,"D3,D4",4,AWS DataSync,"AWS DataSync - What is (data transfer, migration)",https://docs.aws.amazon.com/datasync/latest/userguide/what-is-datasync.html,ok,bronze/01-fases-curadas/raw/4-almacenamiento/STG-15.html,bronze/01-fases-curadas/markdown/4-almacenamiento/STG-15.md,2026-09-11T03:21:00
01-fases-curadas,STG-16,"D2,D4",4,AWS Transfer Family,AWS Transfer Family - What is (SFTP/FTPS/FTP),https://docs.aws.amazon.com/transfer/latest/userguide/what-is-aws-transfer-family.html,ok,bronze/01-fases-curadas/raw/4-almacenamiento/STG-16.html,bronze/01-fases-curadas/markdown/4-almacenamiento/STG-16.md,2026-09-11T03:21:09
01-fases-curadas,STG-17,"D1,D2,D4",4,AWS Backup,AWS Backup - What is (centralized backups),https://docs.aws.amazon.com/aws-backup/latest/devguide/whatisawsbackup.html,ok,bronze/01-fases-curadas/raw/4-almacenamiento/STG-17.html,bronze/01-fases-curadas/markdown/4-almacenamiento/STG-17.md,2026-09-11T03:21:20
01-fases-curadas,DB-01,"D2,D3,D4",5,Amazon RDS,Amazon RDS - User Guide (Welcome),https://docs.aws.amazon.com/AmazonRDS/latest/UserGuide/Welcome.html,ok,bronze/01-fases-curadas/raw/5-bases-de-datos/DB-01.html,bronze/01-fases-curadas/markdown/5-bases-de-datos/DB-01.md,2026-09-11T03:21:32
01-fases-curadas,DB-02,D2,5,Amazon RDS,"RDS - Multi-AZ deployments (HA, standby)",https://docs.aws.amazon.com/AmazonRDS/latest/UserGuide/Concepts.MultiAZ.html,ok,bronze/01-fases-curadas/raw/5-bases-de-datos/DB-02.html,bronze/01-fases-curadas/markdown/5-bases-de-datos/DB-02.md,2026-09-11T03:11:28
01-fases-curadas,DB-03,"D2,D3",5,Amazon RDS,"RDS - Read replicas (scaling reads, promotion)",https://docs.aws.amazon.com/AmazonRDS/latest/UserGuide/USER_ReadRepl.html,ok,bronze/01-fases-curadas/raw/5-bases-de-datos/DB-03.html,bronze/01-fases-curadas/markdown/5-bases-de-datos/DB-03.md,2026-09-11T03:11:34
01-fases-curadas,DB-04,"D2,D4",5,Amazon RDS,"RDS - Backup and restore (automated, snapshots)",https://docs.aws.amazon.com/AmazonRDS/latest/UserGuide/backup-restore.html,ok,bronze/01-fases-curadas/raw/5-bases-de-datos/DB-04.html,bronze/01-fases-curadas/markdown/5-bases-de-datos/DB-04.md,2026-09-11T03:11:49
01-fases-curadas,DB-05,"D2,D3,D4",5,Amazon Aurora,"Amazon Aurora - Overview (compatibility, storage model)",https://docs.aws.amazon.com/AmazonRDS/latest/AuroraUserGuide/CHAP_AuroraOverview.html,ok,bronze/01-fases-curadas/raw/5-bases-de-datos/DB-05.html,bronze/01-fases-curadas/markdown/5-bases-de-datos/DB-05.md,2026-09-11T03:11:57
01-fases-curadas,DB-06,D4,5,Amazon Aurora,"Aurora Serverless (v1/v2, ACU, pay per use)",https://docs.aws.amazon.com/AmazonRDS/latest/AuroraUserGuide/aurora-serverless.html,ok,bronze/01-fases-curadas/raw/5-bases-de-datos/DB-06.html,bronze/01-fases-curadas/markdown/5-bases-de-datos/DB-06.md,2026-09-11T03:12:05
01-fases-curadas,DB-07,D2,5,Amazon Aurora,Aurora Global Database (cross-region DR),https://docs.aws.amazon.com/AmazonRDS/latest/AuroraUserGuide/aurora-global-database.html,ok,bronze/01-fases-curadas/raw/5-bases-de-datos/DB-07.html,bronze/01-fases-curadas/markdown/5-bases-de-datos/DB-07.md,2026-09-11T03:12:10
01-fases-curadas,DB-08,"D2,D3",5,Amazon RDS,"RDS Proxy (connection pooling, failover)",https://docs.aws.amazon.com/AmazonRDS/latest/UserGuide/rds-proxy.html,ok,bronze/01-fases-curadas/raw/5-bases-de-datos/DB-08.html,bronze/01-fases-curadas/markdown/5-bases-de-datos/DB-08.md,2026-09-11T03:21:47
01-fases-curadas,DB-09,"D2,D3,D4",5,Amazon DynamoDB,Amazon DynamoDB - Developer Guide (Introduction),https://docs.aws.amazon.com/amazondynamodb/latest/developerguide/Introduction.html,ok,bronze/01-fases-curadas/raw/5-bases-de-datos/DB-09.html,bronze/01-fases-curadas/markdown/5-bases-de-datos/DB-09.md,2026-09-11T03:21:54
01-fases-curadas,DB-10,"D3,D4",5,Amazon DynamoDB,DynamoDB - Read/write capacity modes (provisioned vs on-demand),https://docs.aws.amazon.com/amazondynamodb/latest/developerguide/HowItWorks.ReadWriteCapacityMode.html,ok,bronze/01-fases-curadas/raw/5-bases-de-datos/DB-10.html,bronze/01-fases-curadas/markdown/5-bases-de-datos/DB-10.md,2026-09-11T03:22:06
01-fases-curadas,DB-11,D2,5,Amazon DynamoDB,DynamoDB - Global tables (multi-region replication),https://docs.aws.amazon.com/amazondynamodb/latest/developerguide/GlobalTables.html,ok,bronze/01-fases-curadas/raw/5-bases-de-datos/DB-11.html,bronze/01-fases-curadas/markdown/5-bases-de-datos/DB-11.md,2026-09-11T03:22:12
01-fases-curadas,DB-12,D3,5,Amazon DynamoDB,DynamoDB - Partitions and data distribution,https://docs.aws.amazon.com/amazondynamodb/latest/developerguide/HowItWorks.Partitions.html,ok,bronze/01-fases-curadas/raw/5-bases-de-datos/DB-12.html,bronze/01-fases-curadas/markdown/5-bases-de-datos/DB-12.md,2026-09-11T03:22:20
01-fases-curadas,DB-13,D3,5,DynamoDB DAX,DynamoDB DAX - In-memory acceleration,https://docs.aws.amazon.com/amazondynamodb/latest/developerguide/DAX.html,ok,bronze/01-fases-curadas/raw/5-bases-de-datos/DB-13.html,bronze/01-fases-curadas/markdown/5-bases-de-datos/DB-13.md,2026-09-11T03:22:25
01-fases-curadas,DB-14,"D3,D4",5,Amazon ElastiCache,"ElastiCache for Redis - What is (caching, session store)",https://docs.aws.amazon.com/AmazonElastiCache/latest/red-ug/WhatIs.html,ok,bronze/01-fases-curadas/raw/5-bases-de-datos/DB-14.html,bronze/01-fases-curadas/markdown/5-bases-de-datos/DB-14.md,2026-09-11T03:22:32
01-fases-curadas,DB-15,D3,5,Amazon ElastiCache,ElastiCache for Memcached - What is,https://docs.aws.amazon.com/AmazonElastiCache/latest/mem-ug/WhatIs.html,ok,bronze/01-fases-curadas/raw/5-bases-de-datos/DB-15.html,bronze/01-fases-curadas/markdown/5-bases-de-datos/DB-15.md,2026-09-11T03:22:38
01-fases-curadas,DB-16,"D3,D4",5,Amazon Redshift,"Amazon Redshift - What is (data warehouse, columnar)",https://docs.aws.amazon.com/redshift/latest/mgmt/overview.html,ok,bronze/01-fases-curadas/raw/5-bases-de-datos/DB-16.html,bronze/01-fases-curadas/markdown/5-bases-de-datos/DB-16.md,2026-09-11T03:22:43
01-fases-curadas,DB-17,D3,5,Amazon DocumentDB,Amazon DocumentDB - What is (MongoDB compatible),https://docs.aws.amazon.com/documentdb/latest/developerguide/what-is.html,ok,bronze/01-fases-curadas/raw/5-bases-de-datos/DB-17.html,bronze/01-fases-curadas/markdown/5-bases-de-datos/DB-17.md,2026-09-11T03:22:49
01-fases-curadas,DB-18,D3,5,Amazon Neptune,Amazon Neptune - What is (graph database),https://docs.aws.amazon.com/neptune/latest/userguide/intro.html,ok,bronze/01-fases-curadas/raw/5-bases-de-datos/DB-18.html,bronze/01-fases-curadas/markdown/5-bases-de-datos/DB-18.md,2026-09-11T03:22:56
01-fases-curadas,INT-01,D2,6,Amazon SQS,"Amazon SQS - Developer Guide (Welcome, queues, visibility timeout)",https://docs.aws.amazon.com/AWSSimpleQueueService/latest/SQSDeveloperGuide/welcome.html,ok,bronze/01-fases-curadas/raw/6-integracion-y-analytics/INT-01.html,bronze/01-fases-curadas/markdown/6-integracion-y-analytics/INT-01.md,2026-09-11T03:23:03
01-fases-curadas,INT-02,D2,6,Amazon SQS,"SQS - FIFO queues (ordering, exactly-once, high throughput)",https://docs.aws.amazon.com/AWSSimpleQueueService/latest/SQSDeveloperGuide/FIFO-queues.html,ok,bronze/01-fases-curadas/raw/6-integracion-y-analytics/INT-02.html,bronze/01-fases-curadas/markdown/6-integracion-y-analytics/INT-02.md,2026-09-11T03:23:12
01-fases-curadas,INT-03,D2,6,Amazon SNS,"Amazon SNS - Developer Guide (Welcome, pub/sub, topics)",https://docs.aws.amazon.com/sns/latest/dg/welcome.html,ok,bronze/01-fases-curadas/raw/6-integracion-y-analytics/INT-03.html,bronze/01-fases-curadas/markdown/6-integracion-y-analytics/INT-03.md,2026-09-11T03:23:18
01-fases-curadas,INT-04,D2,6,Amazon EventBridge,"Amazon EventBridge - What is (event bus, rules, SaaS events)",https://docs.aws.amazon.com/eventbridge/latest/userguide/eb-what-is.html,ok,bronze/01-fases-curadas/raw/6-integracion-y-analytics/INT-04.html,bronze/01-fases-curadas/markdown/6-integracion-y-analytics/INT-04.md,2026-09-11T03:23:20
01-fases-curadas,INT-05,D2,6,AWS Step Functions,"AWS Step Functions - Welcome (workflows, states)",https://docs.aws.amazon.com/step-functions/latest/dg/welcome.html,ok,bronze/01-fases-curadas/raw/6-integracion-y-analytics/INT-05.html,bronze/01-fases-curadas/markdown/6-integracion-y-analytics/INT-05.md,2026-09-11T03:23:25
01-fases-curadas,INT-06,D2,6,AWS AppSync,AWS AppSync - What is (managed GraphQL),https://docs.aws.amazon.com/appsync/latest/devguide/what-is-appsync.html,ok,bronze/01-fases-curadas/raw/6-integracion-y-analytics/INT-06.html,bronze/01-fases-curadas/markdown/6-integracion-y-analytics/INT-06.md,2026-09-11T03:11:23
01-fases-curadas,INT-07,D2,6,Amazon MQ,Amazon MQ - Welcome (managed ActiveMQ/RabbitMQ),https://docs.aws.amazon.com/amazon-mq/latest/developer-guide/welcome.html,ok,bronze/01-fases-curadas/raw/6-integracion-y-analytics/INT-07.html,bronze/01-fases-curadas/markdown/6-integracion-y-analytics/INT-07.md,2026-09-11T03:11:27
01-fases-curadas,INT-08,D2,6,AWS Amplify,"AWS Amplify - Welcome (web/mobile hosting, CI/CD)",https://docs.aws.amazon.com/amplify/latest/userguide/welcome.html,ok,bronze/01-fases-curadas/raw/6-integracion-y-analytics/INT-08.html,bronze/01-fases-curadas/markdown/6-integracion-y-analytics/INT-08.md,2026-09-11T03:11:35
01-fases-curadas,INT-09,D3,6,Amazon Kinesis,"Kinesis Data Streams - Introduction (shards, consumers)",https://docs.aws.amazon.com/streams/latest/dev/introduction.html,ok,bronze/01-fases-curadas/raw/6-integracion-y-analytics/INT-09.html,bronze/01-fases-curadas/markdown/6-integracion-y-analytics/INT-09.md,2026-09-11T03:11:39
01-fases-curadas,INT-10,D3,6,Kinesis Firehose,Kinesis Data Firehose - What is (delivery streams),https://docs.aws.amazon.com/firehose/latest/dev/what-is-this-service.html,ok,bronze/01-fases-curadas/raw/6-integracion-y-analytics/INT-10.html,bronze/01-fases-curadas/markdown/6-integracion-y-analytics/INT-10.md,2026-09-11T03:11:49
01-fases-curadas,INT-11,D3,6,Amazon MSK,Amazon MSK - What is (managed Kafka),https://docs.aws.amazon.com/msk/latest/developerguide/what-is-msk.html,ok,bronze/01-fases-curadas/raw/6-integracion-y-analytics/INT-11.html,bronze/01-fases-curadas/markdown/6-integracion-y-analytics/INT-11.md,2026-09-11T03:11:56
01-fases-curadas,INT-12,D3,6,AWS Glue,"AWS Glue - What is (serverless ETL, catalog)",https://docs.aws.amazon.com/glue/latest/dg/what-is-glue.html,ok,bronze/01-fases-curadas/raw/6-integracion-y-analytics/INT-12.html,bronze/01-fases-curadas/markdown/6-integracion-y-analytics/INT-12.md,2026-09-11T03:12:03
01-fases-curadas,INT-13,"D3,D4",6,Amazon Athena,Amazon Athena - What is (S3 SQL queries),https://docs.aws.amazon.com/athena/latest/ug/what-is-athena.html,ok,bronze/01-fases-curadas/raw/6-integracion-y-analytics/INT-13.html,bronze/01-fases-curadas/markdown/6-integracion-y-analytics/INT-13.md,2026-09-11T03:12:10
01-fases-curadas,INT-14,D3,6,AWS Lake Formation,AWS Lake Formation - What is (data lake governance),https://docs.aws.amazon.com/lakeformation/latest/dg/what-is-lake-formation.html,ok,bronze/01-fases-curadas/raw/6-integracion-y-analytics/INT-14.html,bronze/01-fases-curadas/markdown/6-integracion-y-analytics/INT-14.md,2026-09-11T03:23:42
01-fases-curadas,INT-15,D3,6,Amazon QuickSight,Amazon QuickSight - Welcome (BI visualization),https://docs.aws.amazon.com/quicksight/latest/user/welcome.html,ok,bronze/01-fases-curadas/raw/6-integracion-y-analytics/INT-15.html,bronze/01-fases-curadas/markdown/6-integracion-y-analytics/INT-15.md,2026-09-11T03:23:50
01-fases-curadas,INT-16,D3,6,Amazon OpenSearch,"Amazon OpenSearch Service - What is (search, analytics)",https://docs.aws.amazon.com/opensearch-service/latest/developerguide/what-is.html,ok,bronze/01-fases-curadas/raw/6-integracion-y-analytics/INT-16.html,bronze/01-fases-curadas/markdown/6-integracion-y-analytics/INT-16.md,2026-09-11T03:23:56
01-fases-curadas,SEC-01,D1,7,AWS KMS,"AWS KMS - Overview (CMKs, envelope encryption)",https://docs.aws.amazon.com/kms/latest/developerguide/overview.html,ok,bronze/01-fases-curadas/raw/7-seguridad-migracion-dr/SEC-01.html,bronze/01-fases-curadas/markdown/7-seguridad-migracion-dr/SEC-01.md,2026-09-11T03:24:01
01-fases-curadas,SEC-02,D1,7,AWS CloudHSM,AWS CloudHSM - Introduction (single-tenant HSM),https://docs.aws.amazon.com/cloudhsm/latest/userguide/introduction.html,ok,bronze/01-fases-curadas/raw/7-seguridad-migracion-dr/SEC-02.html,bronze/01-fases-curadas/markdown/7-seguridad-migracion-dr/SEC-02.md,2026-09-11T03:30:52
01-fases-curadas,SEC-03,D1,7,AWS ACM,AWS Certificate Manager - Overview (TLS certs),https://docs.aws.amazon.com/acm/latest/userguide/acm-overview.html,ok,bronze/01-fases-curadas/raw/7-seguridad-migracion-dr/SEC-03.html,bronze/01-fases-curadas/markdown/7-seguridad-migracion-dr/SEC-03.md,2026-09-11T03:30:58
01-fases-curadas,SEC-04,D1,7,Secrets Manager,AWS Secrets Manager - Introduction (rotation),https://docs.aws.amazon.com/secretsmanager/latest/userguide/intro.html,ok,bronze/01-fases-curadas/raw/7-seguridad-migracion-dr/SEC-04.html,bronze/01-fases-curadas/markdown/7-seguridad-migracion-dr/SEC-04.md,2026-09-11T03:31:05
01-fases-curadas,SEC-05,D1,7,Amazon Cognito,"Amazon Cognito - What is (user pools, identity pools)",https://docs.aws.amazon.com/cognito/latest/userguide/what-is-amazon-cognito.html,ok,bronze/01-fases-curadas/raw/7-seguridad-migracion-dr/SEC-05.html,bronze/01-fases-curadas/markdown/7-seguridad-migracion-dr/SEC-05.md,2026-09-11T03:31:09
01-fases-curadas,SEC-06,D1,7,Amazon GuardDuty,Amazon GuardDuty - What is (threat detection),https://docs.aws.amazon.com/guardduty/latest/ug/what-is-guardduty.html,ok,bronze/01-fases-curadas/raw/7-seguridad-migracion-dr/SEC-06.html,bronze/01-fases-curadas/markdown/7-seguridad-migracion-dr/SEC-06.md,2026-09-11T03:31:15
01-fases-curadas,SEC-07,D1,7,Amazon Macie,Amazon Macie - What is (S3 sensitive data discovery),https://docs.aws.amazon.com/macie/latest/user/what-is-macie.html,ok,bronze/01-fases-curadas/raw/7-seguridad-migracion-dr/SEC-07.html,bronze/01-fases-curadas/markdown/7-seguridad-migracion-dr/SEC-07.md,2026-09-11T03:31:20
01-fases-curadas,SEC-08,D1,7,Amazon Inspector,Amazon Inspector - What is (workload vulnerability scanning),https://docs.aws.amazon.com/inspector/latest/user/what-is-inspector.html,ok,bronze/01-fases-curadas/raw/7-seguridad-migracion-dr/SEC-08.html,bronze/01-fases-curadas/markdown/7-seguridad-migracion-dr/SEC-08.md,2026-09-11T03:31:24
01-fases-curadas,SEC-09,D1,7,Amazon Detective,Amazon Detective - What is (investigation),https://docs.aws.amazon.com/detective/latest/userguide/what-is-detective.html,ok,bronze/01-fases-curadas/raw/7-seguridad-migracion-dr/SEC-09.html,bronze/01-fases-curadas/markdown/7-seguridad-migracion-dr/SEC-09.md,2026-09-11T03:31:29
01-fases-curadas,SEC-10,D1,7,AWS Security Hub,AWS Security Hub - What is (security posture),https://docs.aws.amazon.com/securityhub/latest/userguide/what-is-securityhub.html,ok,bronze/01-fases-curadas/raw/7-seguridad-migracion-dr/SEC-10.html,bronze/01-fases-curadas/markdown/7-seguridad-migracion-dr/SEC-10.md,2026-09-11T03:31:34
01-fases-curadas,SEC-11,D1,7,AWS WAF,"AWS WAF - What is (L7 protection, rules, rate limiting)",https://docs.aws.amazon.com/waf/latest/developerguide/what-is-aws-waf.html,ok,bronze/01-fases-curadas/raw/7-seguridad-migracion-dr/SEC-11.html,bronze/01-fases-curadas/markdown/7-seguridad-migracion-dr/SEC-11.md,2026-09-11T03:31:39
01-fases-curadas,SEC-12,D1,7,AWS Shield,"AWS Shield - Overview (Standard vs Advanced, DDoS)",https://docs.aws.amazon.com/waf/latest/developerguide/shield-overview.html,ok,bronze/01-fases-curadas/raw/7-seguridad-migracion-dr/SEC-12.html,bronze/01-fases-curadas/markdown/7-seguridad-migracion-dr/SEC-12.md,2026-09-11T03:31:50
01-fases-curadas,SEC-13,D1,7,AWS Firewall Manager,AWS Firewall Manager - What is (centralized WAF mgmt),https://docs.aws.amazon.com/fms/latest/developerguide/what-is-fms.html,ok,bronze/01-fases-curadas/raw/7-seguridad-migracion-dr/SEC-13.html,bronze/01-fases-curadas/markdown/7-seguridad-migracion-dr/SEC-13.md,2026-09-11T03:31:54
01-fases-curadas,SEC-14,D1,7,AWS Network Firewall,AWS Network Firewall - What is (VPC-level L3/L4),https://docs.aws.amazon.com/network-firewall/latest/developerguide/what-is-aws-network-firewall.html,ok,bronze/01-fases-curadas/raw/7-seguridad-migracion-dr/SEC-14.html,bronze/01-fases-curadas/markdown/7-seguridad-migracion-dr/SEC-14.md,2026-09-11T03:32:03
01-fases-curadas,SEC-15,D1,7,AWS Artifact,AWS Artifact - What is (compliance reports),https://docs.aws.amazon.com/artifact/latest/ug/what-is-aws-artifact.html,ok,bronze/01-fases-curadas/raw/7-seguridad-migracion-dr/SEC-15.html,bronze/01-fases-curadas/markdown/7-seguridad-migracion-dr/SEC-15.md,2026-09-11T03:32:24
01-fases-curadas,SEC-16,D1,7,AWS Directory Service,"AWS Directory Service - What is (AD, federation)",https://docs.aws.amazon.com/directoryservice/latest/admin-guide/what_is.html,ok,bronze/01-fases-curadas/raw/7-seguridad-migracion-dr/SEC-16.html,bronze/01-fases-curadas/markdown/7-seguridad-migracion-dr/SEC-16.md,2026-09-11T03:32:32
01-fases-curadas,SEC-17,D1,7,AWS RAM,AWS Resource Access Manager - What is (shared resources),https://docs.aws.amazon.com/ram/latest/userguide/what-is.html,ok,bronze/01-fases-curadas/raw/7-seguridad-migracion-dr/SEC-17.html,bronze/01-fases-curadas/markdown/7-seguridad-migracion-dr/SEC-17.md,2026-09-11T03:32:36
01-fases-curadas,MIG-01,D2,7,Whitepaper DR,"Disaster Recovery of Workloads on AWS - DR options (backup/restore, pilot light, warm standby, active-active, RTO/RPO)",https://docs.aws.amazon.com/whitepapers/latest/disaster-recovery-workloads-on-aws/disaster-recovery-options-in-the-cloud.html,ok,bronze/01-fases-curadas/raw/7-seguridad-migracion-dr/MIG-01.html,bronze/01-fases-curadas/markdown/7-seguridad-migracion-dr/MIG-01.md,2026-09-11T03:32:42
01-fases-curadas,MIG-02,"D3,D4",7,AWS DMS,AWS Database Migration Service - Welcome (homogeneous/heterogeneous),https://docs.aws.amazon.com/dms/latest/userguide/Welcome.html,ok,bronze/01-fases-curadas/raw/7-seguridad-migracion-dr/MIG-02.html,bronze/01-fases-curadas/markdown/7-seguridad-migracion-dr/MIG-02.md,2026-09-11T03:32:47
01-fases-curadas,MIG-03,D2,7,AWS MGN,AWS Application Migration Service - What is (lift-and-shift),https://docs.aws.amazon.com/mgn/latest/ug/what-is-mgn.html,ok,bronze/01-fases-curadas/raw/7-seguridad-migracion-dr/MIG-03.html,bronze/01-fases-curadas/markdown/7-seguridad-migracion-dr/MIG-03.md,2026-09-11T03:32:53
01-fases-curadas,MIG-04,D2,7,AWS Migration Hub,AWS Migration Hub - What is,https://docs.aws.amazon.com/migrationhub/latest/ug/what-is-aws-migration-hub.html,ok,bronze/01-fases-curadas/raw/7-seguridad-migracion-dr/MIG-04.html,bronze/01-fases-curadas/markdown/7-seguridad-migracion-dr/MIG-04.md,2026-09-11T03:33:00
01-fases-curadas,GOV-01,"D2,D3",8,Amazon CloudWatch,"Amazon CloudWatch - What is (metrics, alarms, logs, dashboards)",https://docs.aws.amazon.com/AmazonCloudWatch/latest/monitoring/WhatIsCloudWatch.html,ok,bronze/01-fases-curadas/raw/8-gobernanza-y-costos/GOV-01.html,bronze/01-fases-curadas/markdown/8-gobernanza-y-costos/GOV-01.md,2026-09-11T03:33:05
01-fases-curadas,GOV-02,D1,8,AWS CloudTrail,AWS CloudTrail - User Guide (API auditing),https://docs.aws.amazon.com/awscloudtrail/latest/userguide/cloudtrail-user-guide.html,ok,bronze/01-fases-curadas/raw/8-gobernanza-y-costos/GOV-02.html,bronze/01-fases-curadas/markdown/8-gobernanza-y-costos/GOV-02.md,2026-09-11T03:33:10
01-fases-curadas,GOV-03,D1,8,AWS Config,"AWS Config - What is (compliance, drift detection)",https://docs.aws.amazon.com/config/latest/developerguide/WhatIsConfig.html,ok,bronze/01-fases-curadas/raw/8-gobernanza-y-costos/GOV-03.html,bronze/01-fases-curadas/markdown/8-gobernanza-y-costos/GOV-03.md,2026-09-11T03:33:17
01-fases-curadas,GOV-04,D2,8,AWS CloudFormation,AWS CloudFormation - User Guide (IaC),https://docs.aws.amazon.com/AWSCloudFormation/latest/UserGuide/Welcome.html,ok,bronze/01-fases-curadas/raw/8-gobernanza-y-costos/GOV-04.html,bronze/01-fases-curadas/markdown/8-gobernanza-y-costos/GOV-04.md,2026-09-11T03:33:22
01-fases-curadas,GOV-05,"D2,D4",8,AWS Systems Manager,"AWS Systems Manager - What is (patch, ops, Run Command)",https://docs.aws.amazon.com/systems-manager/latest/userguide/what-is-systems-manager.html,ok,bronze/01-fases-curadas/raw/8-gobernanza-y-costos/GOV-05.html,bronze/01-fases-curadas/markdown/8-gobernanza-y-costos/GOV-05.md,2026-09-11T03:33:27
01-fases-curadas,GOV-06,D4,8,AWS Trusted Advisor,AWS Trusted Advisor - Best practices checks,https://docs.aws.amazon.com/awssupport/latest/user/trusted-advisor.html,ok,bronze/01-fases-curadas/raw/8-gobernanza-y-costos/GOV-06.html,bronze/01-fases-curadas/markdown/8-gobernanza-y-costos/GOV-06.md,2026-09-11T03:33:33
01-fases-curadas,GOV-07,D4,8,AWS Compute Optimizer,AWS Compute Optimizer - What is (right-sizing),https://docs.aws.amazon.com/compute-optimizer/latest/ug/what-is-compute-optimizer.html,ok,bronze/01-fases-curadas/raw/8-gobernanza-y-costos/GOV-07.html,bronze/01-fases-curadas/markdown/8-gobernanza-y-costos/GOV-07.md,2026-09-11T03:33:37
01-fases-curadas,GOV-08,D4,8,AWS Cost Explorer,"AWS Cost Explorer - What is (cost analysis, forecasting)",https://docs.aws.amazon.com/cost-management/latest/userguide/ce-what-is.html,ok,bronze/01-fases-curadas/raw/8-gobernanza-y-costos/GOV-08.html,bronze/01-fases-curadas/markdown/8-gobernanza-y-costos/GOV-08.md,2026-09-11T03:33:42
01-fases-curadas,GOV-09,D4,8,AWS Budgets,"AWS Budgets - Managing costs (alerts, thresholds)",https://docs.aws.amazon.com/cost-management/latest/userguide/budgets-managing-costs.html,ok,bronze/01-fases-curadas/raw/8-gobernanza-y-costos/GOV-09.html,bronze/01-fases-curadas/markdown/8-gobernanza-y-costos/GOV-09.md,2026-09-11T03:33:48
01-fases-curadas,GOV-10,D4,8,AWS CUR,AWS Cost and Usage Report - What is (most granular costing),https://docs.aws.amazon.com/cur/latest/userguide/what-is-cur.html,ok,bronze/01-fases-curadas/raw/8-gobernanza-y-costos/GOV-10.html,bronze/01-fases-curadas/markdown/8-gobernanza-y-costos/GOV-10.md,2026-09-11T03:33:53
01-fases-curadas,GOV-11,D2,8,AWS X-Ray,"AWS X-Ray - What is (tracing, distributed debugging)",https://docs.aws.amazon.com/xray/latest/devguide/aws-xray.html,ok,bronze/01-fases-curadas/raw/8-gobernanza-y-costos/GOV-11.html,bronze/01-fases-curadas/markdown/8-gobernanza-y-costos/GOV-11.md,2026-09-11T03:33:58
01-fases-curadas,GOV-12,"D1,D2,D3,D4",8,WA Tool,AWS Well-Architected Tool - Introduction (reviews),https://docs.aws.amazon.com/wellarchitected/latest/userguide/intro.html,ok,bronze/01-fases-curadas/raw/8-gobernanza-y-costos/GOV-12.html,bronze/01-fases-curadas/markdown/8-gobernanza-y-costos/GOV-12.md,2026-09-11T03:34:03
01-fases-curadas,GOV-13,D2,8,AWS Health,AWS Health - What is (Personal Health Dashboard),https://docs.aws.amazon.com/health/latest/ug/what-is-aws-health.html,ok,bronze/01-fases-curadas/raw/8-gobernanza-y-costos/GOV-13.html,bronze/01-fases-curadas/markdown/8-gobernanza-y-costos/GOV-13.md,2026-09-11T03:34:08
02-biblioteca-servicios,LIB-what-is,D3;D4,Analytics,Amazon Athena,What is Amazon Athena?,https://docs.aws.amazon.com/athena/latest/ug/what-is.html,ok,bronze/02-biblioteca-servicios/05-docs/analytics-athena/what-is.html,bronze/02-biblioteca-servicios/05-docs/analytics-athena/what-is.md,2026-09-11T01:38:30+00:00
02-biblioteca-servicios,LIB-connectors-spark,D3;D4,Analytics,Amazon Athena,Work with connectors for Spark,https://docs.aws.amazon.com/athena/latest/ug/connectors-spark.html,ok,bronze/02-biblioteca-servicios/05-docs/analytics-athena/connectors-spark.html,bronze/02-biblioteca-servicios/05-docs/analytics-athena/connectors-spark.md,2026-09-11T01:38:30+00:00
02-biblioteca-servicios,LIB-understanding-tables-databases-and-the-data-catalog,D3;D4,Analytics,Amazon Athena,"Tables, databases, and data catalogs",https://docs.aws.amazon.com/athena/latest/ug/understanding-tables-databases-and-the-data-catalog.html,ok,bronze/02-biblioteca-servicios/05-docs/analytics-athena/understanding-tables-databases-and-the-data-catalog.html,bronze/02-biblioteca-servicios/05-docs/analytics-athena/understanding-tables-databases-and-the-data-catalog.md,2026-09-11T01:38:30+00:00
02-biblioteca-servicios,LIB-query-results-specify-location-workgroup,D3;D4,Analytics,Amazon Athena,Use a workgroup,https://docs.aws.amazon.com/athena/latest/ug/query-results-specify-location-workgroup.html,ok,bronze/02-biblioteca-servicios/05-docs/analytics-athena/query-results-specify-location-workgroup.html,bronze/02-biblioteca-servicios/05-docs/analytics-athena/query-results-specify-location-workgroup.md,2026-09-11T01:38:30+00:00
02-biblioteca-servicios,LIB-ctas,D3;D4,Analytics,Amazon Athena,Create a table from query results (CTAS),https://docs.aws.amazon.com/athena/latest/ug/ctas.html,ok,bronze/02-biblioteca-servicios/05-docs/analytics-athena/ctas.html,bronze/02-biblioteca-servicios/05-docs/analytics-athena/ctas.md,2026-09-11T01:38:31+00:00
02-biblioteca-servicios,LIB-amazon-athena,D3;D4,Analytics,Amazon Athena,FAQ oficial,https://aws.amazon.com/athena/faqs/,ok,bronze/02-biblioteca-servicios/04-faqs/amazon-athena.html,bronze/02-biblioteca-servicios/04-faqs/amazon-athena.md,2026-09-11T01:38:31+00:00
02-biblioteca-servicios,LIB-emr-instance-group-configuration,D3,Analytics,Amazon EMR,Configure instance fleets or instance groups,https://docs.aws.amazon.com/emr/latest/ManagementGuide/emr-instance-group-configuration.html,ok,bronze/02-biblioteca-servicios/05-docs/analytics-emr/emr-instance-group-configuration.html,bronze/02-biblioteca-servicios/05-docs/analytics-emr/emr-instance-group-configuration.md,2026-09-11T01:38:32+00:00
02-biblioteca-servicios,LIB-emr-instance-fleet,D3,Analytics,Amazon EMR,Planning and configuring instance fleets for your Amazon EMR cluster,https://docs.aws.amazon.com/emr/latest/ManagementGuide/emr-instance-fleet.html,ok,bronze/02-biblioteca-servicios/05-docs/analytics-emr/emr-instance-fleet.html,bronze/02-biblioteca-servicios/05-docs/analytics-emr/emr-instance-fleet.md,2026-09-11T01:38:32+00:00
02-biblioteca-servicios,LIB-emr-studio-spark-optimization,D3,Analytics,Amazon EMR,Optimize Spark jobs,https://docs.aws.amazon.com/emr/latest/ManagementGuide/emr-studio-spark-optimization.html,ok,bronze/02-biblioteca-servicios/05-docs/analytics-emr/emr-studio-spark-optimization.html,bronze/02-biblioteca-servicios/05-docs/analytics-emr/emr-studio-spark-optimization.md,2026-09-11T01:38:32+00:00
02-biblioteca-servicios,LIB-emr-overview,D3,Analytics,Amazon EMR,Understanding how to create and work with Amazon EMR clusters,https://docs.aws.amazon.com/emr/latest/ManagementGuide/emr-overview.html,ok,bronze/02-biblioteca-servicios/05-docs/analytics-emr/emr-overview.html,bronze/02-biblioteca-servicios/05-docs/analytics-emr/emr-overview.md,2026-09-11T01:38:32+00:00
02-biblioteca-servicios,LIB-amazon-emr,D3,Analytics,Amazon EMR,FAQ oficial,https://aws.amazon.com/emr/faqs/,ok,bronze/02-biblioteca-servicios/04-faqs/amazon-emr.html,bronze/02-biblioteca-servicios/04-faqs/amazon-emr.md,2026-09-11T01:38:33+00:00
02-biblioteca-servicios,LIB-aws-lake-formation,D1;D3,Analytics,AWS Lake Formation,,https://docs.aws.amazon.com/lake-formation/latest/dt/welcome.html,failed,,,2026-09-11T01:38:42+00:00
02-biblioteca-servicios,LIB-aws-lake-formation,D1;D3,Analytics,AWS Lake Formation,FAQ oficial,https://aws.amazon.com/lake-formation/faqs/,ok,bronze/02-biblioteca-servicios/04-faqs/aws-lake-formation.html,bronze/02-biblioteca-servicios/04-faqs/aws-lake-formation.md,2026-09-11T01:38:42+00:00
02-biblioteca-servicios,LIB-amazon-quicksight,D3,Analytics,Amazon QuickSight,FAQ oficial,https://aws.amazon.com/quicksight/faqs/,ok,bronze/02-biblioteca-servicios/04-faqs/amazon-quicksight.html,bronze/02-biblioteca-servicios/04-faqs/amazon-quicksight.md,2026-09-11T01:38:49+00:00
02-biblioteca-servicios,LIB-welcome,D3,Analytics,Amazon Redshift,What Is Amazon Redshift?,https://docs.aws.amazon.com/redshift/latest/mgmt/welcome.html,ok,bronze/02-biblioteca-servicios/05-docs/analytics-redshift/welcome.html,bronze/02-biblioteca-servicios/05-docs/analytics-redshift/welcome.md,2026-09-11T01:38:50+00:00
02-biblioteca-servicios,LIB-performance-metrics-concurrency-scaling,D3,Analytics,Amazon Redshift,Viewing workload concurrency and concurrency scaling data,https://docs.aws.amazon.com/redshift/latest/mgmt/performance-metrics-concurrency-scaling.html,ok,bronze/02-biblioteca-servicios/05-docs/analytics-redshift/performance-metrics-concurrency-scaling.html,bronze/02-biblioteca-servicios/05-docs/analytics-redshift/performance-metrics-concurrency-scaling.md,2026-09-11T01:38:50+00:00
02-biblioteca-servicios,LIB-spectrum-enhanced-vpc,D3,Analytics,Amazon Redshift,Accessing Amazon S3 buckets with Redshift Spectrum,https://docs.aws.amazon.com/redshift/latest/mgmt/spectrum-enhanced-vpc.html,ok,bronze/02-biblioteca-servicios/05-docs/analytics-redshift/spectrum-enhanced-vpc.html,bronze/02-biblioteca-servicios/05-docs/analytics-redshift/spectrum-enhanced-vpc.md,2026-09-11T01:38:50+00:00
02-biblioteca-servicios,LIB-serverless-snapshots-recovery-points,D3,Analytics,Amazon Redshift,Snapshots and recovery points,https://docs.aws.amazon.com/redshift/latest/mgmt/serverless-snapshots-recovery-points.html,ok,bronze/02-biblioteca-servicios/05-docs/analytics-redshift/serverless-snapshots-recovery-points.html,bronze/02-biblioteca-servicios/05-docs/analytics-redshift/serverless-snapshots-recovery-points.md,2026-09-11T01:38:50+00:00
02-biblioteca-servicios,LIB-amazon-redshift,D3,Analytics,Amazon Redshift,FAQ oficial,https://aws.amazon.com/redshift/faqs/,ok,bronze/02-biblioteca-servicios/04-faqs/amazon-redshift.html,bronze/02-biblioteca-servicios/04-faqs/amazon-redshift.md,2026-09-11T01:38:51+00:00
02-biblioteca-servicios,LIB-getting-started-activemq,D2,Application Integration,Amazon MQ,Getting started: Creating and connecting to an ActiveMQ broker,https://docs.aws.amazon.com/amazon-mq/latest/developer-guide/getting-started-activemq.html,ok,bronze/02-biblioteca-servicios/05-docs/integration-mq/getting-started-activemq.html,bronze/02-biblioteca-servicios/05-docs/integration-mq/getting-started-activemq.md,2026-09-11T01:38:52+00:00
02-biblioteca-servicios,LIB-getting-started-rabbitmq,D2,Application Integration,Amazon MQ,Getting started: Creating and connecting to a RabbitMQ broker,https://docs.aws.amazon.com/amazon-mq/latest/developer-guide/getting-started-rabbitmq.html,ok,bronze/02-biblioteca-servicios/05-docs/integration-mq/getting-started-rabbitmq.html,bronze/02-biblioteca-servicios/05-docs/integration-mq/getting-started-rabbitmq.md,2026-09-11T01:38:52+00:00
02-biblioteca-servicios,LIB-working-with-activemq,D2,Application Integration,Amazon MQ,Amazon MQ for ActiveMQ,https://docs.aws.amazon.com/amazon-mq/latest/developer-guide/working-with-activemq.html,ok,bronze/02-biblioteca-servicios/05-docs/integration-mq/working-with-activemq.html,bronze/02-biblioteca-servicios/05-docs/integration-mq/working-with-activemq.md,2026-09-11T01:38:52+00:00
02-biblioteca-servicios,LIB-amazon-mq,D2,Application Integration,Amazon MQ,FAQ oficial,https://aws.amazon.com/amazon-mq/faqs/,ok,bronze/02-biblioteca-servicios/04-faqs/amazon-mq.html,bronze/02-biblioteca-servicios/04-faqs/amazon-mq.md,2026-09-11T01:38:53+00:00
02-biblioteca-servicios,LIB-what-is-costmanagement,D4,AWS Cost Management,AWS Cost Management (Cost Explorer + CUR),Use AWS Billing and Cost Management for AWS,https://docs.aws.amazon.com/cost-management/latest/userguide/what-is-costmanagement.html,ok,bronze/02-biblioteca-servicios/05-docs/cost-management/what-is-costmanagement.html,bronze/02-biblioteca-servicios/05-docs/cost-management/what-is-costmanagement.md,2026-09-11T01:38:54+00:00
02-biblioteca-servicios,LIB-differences-billing-data-cost-explorer-data,D4,AWS Cost Management,AWS Cost Management (Cost Explorer + CUR),Knowing the differences between Billing and Cost Explorer data,https://docs.aws.amazon.com/cost-management/latest/userguide/differences-billing-data-cost-explorer-data.html,ok,bronze/02-biblioteca-servicios/05-docs/cost-management/differences-billing-data-cost-explorer-data.html,bronze/02-biblioteca-servicios/05-docs/cost-management/differences-billing-data-cost-explorer-data.md,2026-09-11T01:38:54+00:00
02-biblioteca-servicios,LIB-create-savingsplans-budget,D4,AWS Cost Management,AWS Cost Management (Cost Explorer + CUR),Creating a Savings Plans budget,https://docs.aws.amazon.com/cost-management/latest/userguide/create-savingsplans-budget.html,ok,bronze/02-biblioteca-servicios/05-docs/cost-management/create-savingsplans-budget.html,bronze/02-biblioteca-servicios/05-docs/cost-management/create-savingsplans-budget.md,2026-09-11T01:38:54+00:00
02-biblioteca-servicios,LIB-aws-cost-management-cost-explorer-cur,D4,AWS Cost Management,AWS Cost Management (Cost Explorer + CUR),FAQ oficial,https://aws.amazon.com/aws-cost-management/faqs/,failed,,,2026-09-11T01:38:54+00:00
02-biblioteca-servicios,LIB-amazon-qldb,D3,Database,Amazon QLDB,,https://docs.aws.amazon.com/qldb/latest/developerguide/welcome.html,failed,,,2026-09-11T01:39:03+00:00
02-biblioteca-servicios,LIB-amazon-qldb,D3,Database,Amazon QLDB,FAQ oficial,https://aws.amazon.com/qldb/faqs/,failed,,,2026-09-11T01:39:03+00:00
02-biblioteca-servicios,LIB-update-app-nextjs-version,D2,Front-End Web and Mobile,AWS Amplify,Migrating a Next.js 11 SSR app to Amplify Hosting compute,https://docs.aws.amazon.com/amplify/latest/userguide/update-app-nextjs-version.html,ok,bronze/02-biblioteca-servicios/05-docs/mobile-amplify/update-app-nextjs-version.html,bronze/02-biblioteca-servicios/05-docs/mobile-amplify/update-app-nextjs-version.md,2026-09-11T01:39:04+00:00
02-biblioteca-servicios,LIB-custom-domains,D2,Front-End Web and Mobile,AWS Amplify,Connecting a custom domain,https://docs.aws.amazon.com/amplify/latest/userguide/custom-domains.html,ok,bronze/02-biblioteca-servicios/05-docs/mobile-amplify/custom-domains.html,bronze/02-biblioteca-servicios/05-docs/mobile-amplify/custom-domains.md,2026-09-11T01:39:05+00:00
02-biblioteca-servicios,LIB-aws-amplify,D2,Front-End Web and Mobile,AWS Amplify,FAQ oficial,https://aws.amazon.com/amplify/faqs/,ok,bronze/02-biblioteca-servicios/04-faqs/aws-amplify.html,bronze/02-biblioteca-servicios/04-faqs/aws-amplify.md,2026-09-11T01:39:05+00:00
02-biblioteca-servicios,LIB-apigateway-use-lambda-authorizer,D1;D2;D3;D4,Front-End Web and Mobile,Amazon API Gateway,Use Lambda authorizers,https://docs.aws.amazon.com/apigateway/latest/developerguide/apigateway-use-lambda-authorizer.html,ok,bronze/02-biblioteca-servicios/05-docs/mobile-apigateway/apigateway-use-lambda-authorizer.html,bronze/02-biblioteca-servicios/05-docs/mobile-apigateway/apigateway-use-lambda-authorizer.md,2026-09-11T01:39:06+00:00
02-biblioteca-servicios,LIB-api-gateway-request-throttling,D1;D2;D3;D4,Front-End Web and Mobile,Amazon API Gateway,Throttling,https://docs.aws.amazon.com/apigateway/latest/developerguide/api-gateway-request-throttling.html,ok,bronze/02-biblioteca-servicios/05-docs/mobile-apigateway/api-gateway-request-throttling.html,bronze/02-biblioteca-servicios/05-docs/mobile-apigateway/api-gateway-request-throttling.md,2026-09-11T01:39:06+00:00
02-biblioteca-servicios,LIB-api-gateway-http-tutorials,D1;D2;D3;D4,Front-End Web and Mobile,Amazon API Gateway,HTTP API tutorials,https://docs.aws.amazon.com/apigateway/latest/developerguide/api-gateway-http-tutorials.html,ok,bronze/02-biblioteca-servicios/05-docs/mobile-apigateway/api-gateway-http-tutorials.html,bronze/02-biblioteca-servicios/05-docs/mobile-apigateway/api-gateway-http-tutorials.md,2026-09-11T01:39:06+00:00
02-biblioteca-servicios,LIB-api-gateway-api-usage-plans,D1;D2;D3;D4,Front-End Web and Mobile,Amazon API Gateway,Usage plans,https://docs.aws.amazon.com/apigateway/latest/developerguide/api-gateway-api-usage-plans.html,ok,bronze/02-biblioteca-servicios/05-docs/mobile-apigateway/api-gateway-api-usage-plans.html,bronze/02-biblioteca-servicios/05-docs/mobile-apigateway/api-gateway-api-usage-plans.md,2026-09-11T01:39:06+00:00
02-biblioteca-servicios,LIB-getting-started-with-lambda-integration,D1;D2;D3;D4,Front-End Web and Mobile,Amazon API Gateway,Choose a Lambda integration tutorial,https://docs.aws.amazon.com/apigateway/latest/developerguide/getting-started-with-lambda-integration.html,ok,bronze/02-biblioteca-servicios/05-docs/mobile-apigateway/getting-started-with-lambda-integration.html,bronze/02-biblioteca-servicios/05-docs/mobile-apigateway/getting-started-with-lambda-integration.md,2026-09-11T01:39:06+00:00
02-biblioteca-servicios,LIB-http-api-vs-rest,D1;D2;D3;D4,Front-End Web and Mobile,Amazon API Gateway,Choose between REST APIs and HTTP APIs,https://docs.aws.amazon.com/apigateway/latest/developerguide/http-api-vs-rest.html,ok,bronze/02-biblioteca-servicios/05-docs/mobile-apigateway/http-api-vs-rest.html,bronze/02-biblioteca-servicios/05-docs/mobile-apigateway/http-api-vs-rest.md,2026-09-11T01:39:06+00:00
02-biblioteca-servicios,LIB-set-up-stages,D1;D2;D3;D4,Front-End Web and Mobile,Amazon API Gateway,Set up a stage,https://docs.aws.amazon.com/apigateway/latest/developerguide/set-up-stages.html,ok,bronze/02-biblioteca-servicios/05-docs/mobile-apigateway/set-up-stages.html,bronze/02-biblioteca-servicios/05-docs/mobile-apigateway/set-up-stages.md,2026-09-11T01:39:06+00:00
02-biblioteca-servicios,LIB-api-gateway-websocket-tutorials,D1;D2;D3;D4,Front-End Web and Mobile,Amazon API Gateway,WebSocket API tutorials,https://docs.aws.amazon.com/apigateway/latest/developerguide/api-gateway-websocket-tutorials.html,ok,bronze/02-biblioteca-servicios/05-docs/mobile-apigateway/api-gateway-websocket-tutorials.html,bronze/02-biblioteca-servicios/05-docs/mobile-apigateway/api-gateway-websocket-tutorials.md,2026-09-11T01:39:07+00:00
02-biblioteca-servicios,LIB-api-gateway-caching,D1;D2;D3;D4,Front-End Web and Mobile,Amazon API Gateway,Cache settings,https://docs.aws.amazon.com/apigateway/latest/developerguide/api-gateway-caching.html,ok,bronze/02-biblioteca-servicios/05-docs/mobile-apigateway/api-gateway-caching.html,bronze/02-biblioteca-servicios/05-docs/mobile-apigateway/api-gateway-caching.md,2026-09-11T01:39:07+00:00
02-biblioteca-servicios,LIB-amazon-api-gateway,D1;D2;D3;D4,Front-End Web and Mobile,Amazon API Gateway,FAQ oficial,https://aws.amazon.com/api-gateway/faqs/,ok,bronze/02-biblioteca-servicios/04-faqs/amazon-api-gateway.html,bronze/02-biblioteca-servicios/04-faqs/amazon-api-gateway.md,2026-09-11T01:39:08+00:00
02-biblioteca-servicios,LIB-what-is-frauddetector,D1,Machine Learning,Amazon Fraud Detector,What is Amazon Fraud Detector?,https://docs.aws.amazon.com/frauddetector/latest/ug/what-is-frauddetector.html,ok,bronze/02-biblioteca-servicios/05-docs/ml-frauddetector/what-is-frauddetector.html,bronze/02-biblioteca-servicios/05-docs/ml-frauddetector/what-is-frauddetector.md,2026-09-11T01:39:09+00:00
02-biblioteca-servicios,LIB-what-is-kendra,D2,Machine Learning,Amazon Kendra,What is Amazon Kendra?,https://docs.aws.amazon.com/kendra/latest/dg/what-is-kendra.html,ok,bronze/02-biblioteca-servicios/05-docs/ml-kendra/what-is-kendra.html,bronze/02-biblioteca-servicios/05-docs/ml-kendra/what-is-kendra.md,2026-09-11T01:39:10+00:00
02-biblioteca-servicios,LIB-amazon-kendra,D2,Machine Learning,Amazon Kendra,FAQ oficial,https://aws.amazon.com/kendra/faqs/,ok,bronze/02-biblioteca-servicios/04-faqs/amazon-kendra.html,bronze/02-biblioteca-servicios/04-faqs/amazon-kendra.md,2026-09-11T01:39:10+00:00
02-biblioteca-servicios,LIB-what-is,D2,Machine Learning,Amazon Transcribe,What is Amazon Transcribe?,https://docs.aws.amazon.com/transcribe/latest/dg/what-is.html,ok,bronze/02-biblioteca-servicios/05-docs/ml-transcribe/what-is.html,bronze/02-biblioteca-servicios/05-docs/ml-transcribe/what-is.md,2026-09-11T01:39:11+00:00
02-biblioteca-servicios,LIB-amazon-transcribe,D2,Machine Learning,Amazon Transcribe,FAQ oficial,https://aws.amazon.com/transcribe/faqs/,ok,bronze/02-biblioteca-servicios/04-faqs/amazon-transcribe.html,bronze/02-biblioteca-servicios/04-faqs/amazon-transcribe.md,2026-09-11T01:39:12+00:00
02-biblioteca-servicios,LIB-using-cfn-updating-stacks-continueupdaterollback,D2;D4,Management and Governance,AWS CloudFormation,Continue rolling back an update,https://docs.aws.amazon.com/AWSCloudFormation/latest/UserGuide/using-cfn-updating-stacks-continueupdaterollback.html,ok,bronze/02-biblioteca-servicios/05-docs/mgmt-cloudformation/using-cfn-updating-stacks-continueupdaterollback.html,bronze/02-biblioteca-servicios/05-docs/mgmt-cloudformation/using-cfn-updating-stacks-continueupdaterollback.md,2026-09-11T01:39:12+00:00
02-biblioteca-servicios,LIB-template-guide,D2;D4,Management and Governance,AWS CloudFormation,Working with templates,https://docs.aws.amazon.com/AWSCloudFormation/latest/UserGuide/template-guide.html,ok,bronze/02-biblioteca-servicios/05-docs/mgmt-cloudformation/template-guide.html,bronze/02-biblioteca-servicios/05-docs/mgmt-cloudformation/template-guide.md,2026-09-11T01:39:12+00:00
02-biblioteca-servicios,LIB-what-is-cfnstacksets,D2;D4,Management and Governance,AWS CloudFormation,Managing stacks with StackSets,https://docs.aws.amazon.com/AWSCloudFormation/latest/UserGuide/what-is-cfnstacksets.html,ok,bronze/02-biblioteca-servicios/05-docs/mgmt-cloudformation/what-is-cfnstacksets.html,bronze/02-biblioteca-servicios/05-docs/mgmt-cloudformation/what-is-cfnstacksets.md,2026-09-11T01:39:12+00:00
02-biblioteca-servicios,LIB-using-cfn-updating-stacks-changesets,D2;D4,Management and Governance,AWS CloudFormation,Update stacks using change sets,https://docs.aws.amazon.com/AWSCloudFormation/latest/UserGuide/using-cfn-updating-stacks-changesets.html,ok,bronze/02-biblioteca-servicios/05-docs/mgmt-cloudformation/using-cfn-updating-stacks-changesets.html,bronze/02-biblioteca-servicios/05-docs/mgmt-cloudformation/using-cfn-updating-stacks-changesets.md,2026-09-11T01:39:12+00:00
02-biblioteca-servicios,LIB-gettingstarted-walkthrough,D2;D4,Management and Governance,AWS CloudFormation,Creating your first stack,https://docs.aws.amazon.com/AWSCloudFormation/latest/UserGuide/gettingstarted.walkthrough.html,ok,bronze/02-biblioteca-servicios/05-docs/mgmt-cloudformation/gettingstarted-walkthrough.html,bronze/02-biblioteca-servicios/05-docs/mgmt-cloudformation/gettingstarted-walkthrough.md,2026-09-11T01:39:12+00:00
02-biblioteca-servicios,LIB-drift-aware-change-sets,D2;D4,Management and Governance,AWS CloudFormation,Drift-aware change sets,https://docs.aws.amazon.com/AWSCloudFormation/latest/UserGuide/drift-aware-change-sets.html,ok,bronze/02-biblioteca-servicios/05-docs/mgmt-cloudformation/drift-aware-change-sets.html,bronze/02-biblioteca-servicios/05-docs/mgmt-cloudformation/drift-aware-change-sets.md,2026-09-11T01:39:12+00:00
02-biblioteca-servicios,LIB-template-custom-resources,D2;D4,Management and Governance,AWS CloudFormation,Custom resources,https://docs.aws.amazon.com/AWSCloudFormation/latest/UserGuide/template-custom-resources.html,ok,bronze/02-biblioteca-servicios/05-docs/mgmt-cloudformation/template-custom-resources.html,bronze/02-biblioteca-servicios/05-docs/mgmt-cloudformation/template-custom-resources.md,2026-09-11T01:39:12+00:00
02-biblioteca-servicios,LIB-aws-cloudformation,D2;D4,Management and Governance,AWS CloudFormation,FAQ oficial,https://aws.amazon.com/cloudformation/faqs/,ok,bronze/02-biblioteca-servicios/04-faqs/aws-cloudformation.html,bronze/02-biblioteca-servicios/04-faqs/aws-cloudformation.md,2026-09-11T01:39:13+00:00
02-biblioteca-servicios,LIB-how-controls-work,D1,Management and Governance,AWS Control Tower,How controls work,https://docs.aws.amazon.com/controltower/latest/userguide/how-controls-work.html,ok,bronze/02-biblioteca-servicios/05-docs/mgmt-controltower/how-controls-work.html,bronze/02-biblioteca-servicios/05-docs/mgmt-controltower/how-controls-work.md,2026-09-11T01:39:14+00:00
02-biblioteca-servicios,LIB-getting-started-configure,D1,Management and Governance,AWS Control Tower,Expectations for landing zone configuration,https://docs.aws.amazon.com/controltower/latest/userguide/getting-started-configure.html,ok,bronze/02-biblioteca-servicios/05-docs/mgmt-controltower/getting-started-configure.html,bronze/02-biblioteca-servicios/05-docs/mgmt-controltower/getting-started-configure.md,2026-09-11T01:39:14+00:00
02-biblioteca-servicios,LIB-account-factory,D1,Management and Governance,AWS Control Tower,Account Factory,https://docs.aws.amazon.com/controltower/latest/userguide/account-factory.html,ok,bronze/02-biblioteca-servicios/05-docs/mgmt-controltower/account-factory.html,bronze/02-biblioteca-servicios/05-docs/mgmt-controltower/account-factory.md,2026-09-11T01:39:14+00:00
02-biblioteca-servicios,LIB-aws-control-tower,D1,Management and Governance,AWS Control Tower,FAQ oficial,https://aws.amazon.com/controltower/faqs/,ok,bronze/02-biblioteca-servicios/04-faqs/aws-control-tower.html,bronze/02-biblioteca-servicios/04-faqs/aws-control-tower.md,2026-09-11T01:39:14+00:00
02-biblioteca-servicios,LIB-what-is-amazon-managed-service-grafana,D2,Management and Governance,Amazon Managed Grafana,What is Amazon Managed Grafana?,https://docs.aws.amazon.com/grafana/latest/userguide/what-is-Amazon-Managed-Service-Grafana.html,ok,bronze/02-biblioteca-servicios/05-docs/mgmt-grafana/what-is-amazon-managed-service-grafana.html,bronze/02-biblioteca-servicios/05-docs/mgmt-grafana/what-is-amazon-managed-service-grafana.md,2026-09-11T01:39:15+00:00
02-biblioteca-servicios,LIB-amazon-managed-grafana,D2,Management and Governance,Amazon Managed Grafana,FAQ oficial,https://aws.amazon.com/grafana/faqs/,ok,bronze/02-biblioteca-servicios/04-faqs/amazon-managed-grafana.html,bronze/02-biblioteca-servicios/04-faqs/amazon-managed-grafana.md,2026-09-11T01:39:16+00:00
02-biblioteca-servicios,LIB-replication-settings-template,D2,Migration and Transfer,AWS Application Migration Service (MGN),Replication template,https://docs.aws.amazon.com/mgn/latest/ug/replication-settings-template.html,ok,bronze/02-biblioteca-servicios/05-docs/migration-mgn/replication-settings-template.html,bronze/02-biblioteca-servicios/05-docs/migration-mgn/replication-settings-template.md,2026-09-11T01:39:16+00:00
02-biblioteca-servicios,LIB-launching-test-gs,D2,Migration and Transfer,AWS Application Migration Service (MGN),Launching a test instance,https://docs.aws.amazon.com/mgn/latest/ug/launching-test-gs.html,ok,bronze/02-biblioteca-servicios/05-docs/migration-mgn/launching-test-gs.html,bronze/02-biblioteca-servicios/05-docs/migration-mgn/launching-test-gs.md,2026-09-11T01:39:16+00:00
02-biblioteca-servicios,LIB-configuring-target-gs,D2,Migration and Transfer,AWS Application Migration Service (MGN),Configuring launch settings,https://docs.aws.amazon.com/mgn/latest/ug/configuring-target-gs.html,ok,bronze/02-biblioteca-servicios/05-docs/migration-mgn/configuring-target-gs.html,bronze/02-biblioteca-servicios/05-docs/migration-mgn/configuring-target-gs.md,2026-09-11T01:39:16+00:00
02-biblioteca-servicios,LIB-aws-application-migration-service-mgn,D2,Migration and Transfer,AWS Application Migration Service (MGN),FAQ oficial,https://aws.amazon.com/application-migration-service/faqs/,ok,bronze/02-biblioteca-servicios/04-faqs/aws-application-migration-service-mgn.html,bronze/02-biblioteca-servicios/04-faqs/aws-application-migration-service-mgn.md,2026-09-11T01:39:17+00:00
02-biblioteca-servicios,LIB-aws-global-accelerator,D2;D3;D4,Networking and Content Delivery,AWS Global Accelerator,,https://docs.aws.amazon.com/global-accelerator/latest/developerguide/welcome.html,failed,,,2026-09-11T01:39:26+00:00
02-biblioteca-servicios,LIB-aws-global-accelerator,D2;D3;D4,Networking and Content Delivery,AWS Global Accelerator,FAQ oficial,https://aws.amazon.com/global-accelerator/faqs/,ok,bronze/02-biblioteca-servicios/04-faqs/aws-global-accelerator.html,bronze/02-biblioteca-servicios/04-faqs/aws-global-accelerator.md,2026-09-11T01:39:26+00:00
02-biblioteca-servicios,LIB-routing-policy-failover,D1;D2;D3;D4,Networking and Content Delivery,Amazon Route 53,Failover routing,https://docs.aws.amazon.com/Route53/latest/DeveloperGuide/routing-policy-failover.html,ok,bronze/02-biblioteca-servicios/05-docs/network-route53/routing-policy-failover.html,bronze/02-biblioteca-servicios/05-docs/network-route53/routing-policy-failover.md,2026-09-11T01:39:27+00:00
02-biblioteca-servicios,LIB-domain-replace-hosted-zone,D1;D2;D3;D4,Networking and Content Delivery,Amazon Route 53,Replacing the hosted zone for a domain,https://docs.aws.amazon.com/Route53/latest/DeveloperGuide/domain-replace-hosted-zone.html,ok,bronze/02-biblioteca-servicios/05-docs/network-route53/domain-replace-hosted-zone.html,bronze/02-biblioteca-servicios/05-docs/network-route53/domain-replace-hosted-zone.md,2026-09-11T01:39:27+00:00
02-biblioteca-servicios,LIB-welcome-domain-registration,D1;D2;D3;D4,Networking and Content Delivery,Amazon Route 53,How domain registration works,https://docs.aws.amazon.com/Route53/latest/DeveloperGuide/welcome-domain-registration.html,ok,bronze/02-biblioteca-servicios/05-docs/network-route53/welcome-domain-registration.html,bronze/02-biblioteca-servicios/05-docs/network-route53/welcome-domain-registration.md,2026-09-11T01:39:27+00:00
02-biblioteca-servicios,LIB-routing-to-open-search-service,D1;D2;D3;D4,Networking and Content Delivery,Amazon Route 53,Amazon OpenSearch Service,https://docs.aws.amazon.com/Route53/latest/DeveloperGuide/routing-to-open-search-service.html,ok,bronze/02-biblioteca-servicios/05-docs/network-route53/routing-to-open-search-service.html,bronze/02-biblioteca-servicios/05-docs/network-route53/routing-to-open-search-service.md,2026-09-11T01:39:27+00:00
02-biblioteca-servicios,LIB-traffic-policies,D1;D2;D3;D4,Networking and Content Delivery,Amazon Route 53,Creating and managing traffic policies,https://docs.aws.amazon.com/Route53/latest/DeveloperGuide/traffic-policies.html,ok,bronze/02-biblioteca-servicios/05-docs/network-route53/traffic-policies.html,bronze/02-biblioteca-servicios/05-docs/network-route53/traffic-policies.md,2026-09-11T01:39:27+00:00
02-biblioteca-servicios,LIB-autonaming,D1;D2;D3;D4,Networking and Content Delivery,Amazon Route 53,Using AWS Cloud Map to create records and health checks,https://docs.aws.amazon.com/Route53/latest/DeveloperGuide/autonaming.html,ok,bronze/02-biblioteca-servicios/05-docs/network-route53/autonaming.html,bronze/02-biblioteca-servicios/05-docs/network-route53/autonaming.md,2026-09-11T01:39:28+00:00
02-biblioteca-servicios,LIB-amazon-route-53,D1;D2;D3;D4,Networking and Content Delivery,Amazon Route 53,FAQ oficial,https://aws.amazon.com/route53/faqs/,ok,bronze/02-biblioteca-servicios/04-faqs/amazon-route-53.html,bronze/02-biblioteca-servicios/04-faqs/amazon-route-53.md,2026-09-11T01:39:28+00:00
02-biblioteca-servicios,LIB-aws-site-to-site-vpn,D1;D2;D4,Networking and Content Delivery,AWS Site-to-Site VPN,,https://docs.aws.amazon.com/vpn/latest/s2vvpn/welcome.html,failed,,,2026-09-11T01:39:37+00:00
02-biblioteca-servicios,LIB-aws-site-to-site-vpn,D1;D2;D4,Networking and Content Delivery,AWS Site-to-Site VPN,FAQ oficial,https://aws.amazon.com/vpn/faqs/,ok,bronze/02-biblioteca-servicios/04-faqs/aws-site-to-site-vpn.html,bronze/02-biblioteca-servicios/04-faqs/aws-site-to-site-vpn.md,2026-09-11T01:39:38+00:00
02-biblioteca-servicios,LIB-vpc-ip-addressing,D1;D2;D3;D4,Networking and Content Delivery,"Amazon VPC (subnets, route tables, SG, NACL, NAT)",IP addressing,https://docs.aws.amazon.com/vpc/latest/userguide/vpc-ip-addressing.html,ok,bronze/02-biblioteca-servicios/05-docs/network-vpc/vpc-ip-addressing.html,bronze/02-biblioteca-servicios/05-docs/network-vpc/vpc-ip-addressing.md,2026-09-11T01:39:39+00:00
02-biblioteca-servicios,LIB-flow-logs,D1;D2;D3;D4,Networking and Content Delivery,"Amazon VPC (subnets, route tables, SG, NACL, NAT)",VPC Flow Logs,https://docs.aws.amazon.com/vpc/latest/userguide/flow-logs.html,ok,bronze/02-biblioteca-servicios/05-docs/network-vpc/flow-logs.html,bronze/02-biblioteca-servicios/05-docs/network-vpc/flow-logs.md,2026-09-11T01:39:39+00:00
02-biblioteca-servicios,LIB-vpc-nat,D1;D2;D3;D4,Networking and Content Delivery,"Amazon VPC (subnets, route tables, SG, NACL, NAT)",NAT devices,https://docs.aws.amazon.com/vpc/latest/userguide/vpc-nat.html,ok,bronze/02-biblioteca-servicios/05-docs/network-vpc/vpc-nat.html,bronze/02-biblioteca-servicios/05-docs/network-vpc/vpc-nat.md,2026-09-11T01:39:39+00:00
02-biblioteca-servicios,LIB-vpc-security-groups,D1;D2;D3;D4,Networking and Content Delivery,"Amazon VPC (subnets, route tables, SG, NACL, NAT)",Security groups,https://docs.aws.amazon.com/vpc/latest/userguide/vpc-security-groups.html,ok,bronze/02-biblioteca-servicios/05-docs/network-vpc/vpc-security-groups.html,bronze/02-biblioteca-servicios/05-docs/network-vpc/vpc-security-groups.md,2026-09-11T01:39:39+00:00
02-biblioteca-servicios,LIB-reachability-analyzer,D1;D2;D3;D4,Networking and Content Delivery,"Amazon VPC (subnets, route tables, SG, NACL, NAT)",Reachability Analyzer,https://docs.aws.amazon.com/vpc/latest/userguide/reachability-analyzer.html,ok,bronze/02-biblioteca-servicios/05-docs/network-vpc/reachability-analyzer.html,bronze/02-biblioteca-servicios/05-docs/network-vpc/reachability-analyzer.md,2026-09-11T01:39:39+00:00
02-biblioteca-servicios,LIB-managed-prefix-lists,D1;D2;D3;D4,Networking and Content Delivery,"Amazon VPC (subnets, route tables, SG, NACL, NAT)",Managed prefix lists,https://docs.aws.amazon.com/vpc/latest/userguide/managed-prefix-lists.html,ok,bronze/02-biblioteca-servicios/05-docs/network-vpc/managed-prefix-lists.html,bronze/02-biblioteca-servicios/05-docs/network-vpc/managed-prefix-lists.md,2026-09-11T01:39:39+00:00
02-biblioteca-servicios,LIB-subnet-sizing,D1;D2;D3;D4,Networking and Content Delivery,"Amazon VPC (subnets, route tables, SG, NACL, NAT)",Subnet CIDR blocks,https://docs.aws.amazon.com/vpc/latest/userguide/subnet-sizing.html,ok,bronze/02-biblioteca-servicios/05-docs/network-vpc/subnet-sizing.html,bronze/02-biblioteca-servicios/05-docs/network-vpc/subnet-sizing.md,2026-09-11T01:39:39+00:00
02-biblioteca-servicios,LIB-amazon-vpc-subnets-route-tables-sg-nacl-nat,D1;D2;D3;D4,Networking and Content Delivery,"Amazon VPC (subnets, route tables, SG, NACL, NAT)",FAQ oficial,https://aws.amazon.com/vpc/faqs/,ok,bronze/02-biblioteca-servicios/04-faqs/amazon-vpc-subnets-route-tables-sg-nacl-nat.html,bronze/02-biblioteca-servicios/04-faqs/amazon-vpc-subnets-route-tables-sg-nacl-nat.md,2026-09-11T01:39:40+00:00
02-biblioteca-servicios,LIB-welcome,D1,"Security, Identity, and Compliance",Amazon Detective,,https://docs.aws.amazon.com/detective/latest/adminguide/welcome.html,url-solo,,,2026-09-11T01:39:42+00:00
02-biblioteca-servicios,LIB-amazon-detective,D1,"Security, Identity, and Compliance",Amazon Detective,FAQ oficial,https://aws.amazon.com/detective/faqs/,ok,bronze/02-biblioteca-servicios/04-faqs/amazon-detective.html,bronze/02-biblioteca-servicios/04-faqs/amazon-detective.md,2026-09-11T01:39:43+00:00
02-biblioteca-servicios,LIB-amazon-inspector,D1,"Security, Identity, and Compliance",Amazon Inspector,,https://docs.aws.amazon.com/inspector/latest/userguide/welcome.html,failed,,,2026-09-11T01:39:52+00:00
02-biblioteca-servicios,LIB-amazon-inspector,D1,"Security, Identity, and Compliance",Amazon Inspector,FAQ oficial,https://aws.amazon.com/inspector/faqs/,ok,bronze/02-biblioteca-servicios/04-faqs/amazon-inspector.html,bronze/02-biblioteca-servicios/04-faqs/amazon-inspector.md,2026-09-11T01:39:52+00:00
02-biblioteca-servicios,LIB-working-with-sharing-view-principals,D1,"Security, Identity, and Compliance",AWS Resource Access Manager (RAM),Viewing principals you share with,https://docs.aws.amazon.com/ram/latest/userguide/working-with-sharing-view-principals.html,ok,bronze/02-biblioteca-servicios/05-docs/security-ram/working-with-sharing-view-principals.html,bronze/02-biblioteca-servicios/05-docs/security-ram/working-with-sharing-view-principals.md,2026-09-11T01:39:53+00:00
02-biblioteca-servicios,LIB-security-ram-permissions,D1,"Security, Identity, and Compliance",AWS Resource Access Manager (RAM),Managing permissions in AWS RAM,https://docs.aws.amazon.com/ram/latest/userguide/security-ram-permissions.html,ok,bronze/02-biblioteca-servicios/05-docs/security-ram/security-ram-permissions.html,bronze/02-biblioteca-servicios/05-docs/security-ram/security-ram-permissions.md,2026-09-11T01:39:53+00:00
02-biblioteca-servicios,LIB-working-with-sharing-view-rs,D1,"Security, Identity, and Compliance",AWS Resource Access Manager (RAM),Viewing resource shares you created,https://docs.aws.amazon.com/ram/latest/userguide/working-with-sharing-view-rs.html,ok,bronze/02-biblioteca-servicios/05-docs/security-ram/working-with-sharing-view-rs.html,bronze/02-biblioteca-servicios/05-docs/security-ram/working-with-sharing-view-rs.md,2026-09-11T01:39:53+00:00
02-biblioteca-servicios,LIB-aws-resource-access-manager-ram,D1,"Security, Identity, and Compliance",AWS Resource Access Manager (RAM),FAQ oficial,https://aws.amazon.com/ram/faqs/,ok,bronze/02-biblioteca-servicios/04-faqs/aws-resource-access-manager-ram.html,,2026-09-11T01:39:54+00:00
02-biblioteca-servicios,LIB-managing-throughput-capacity,D2;D3;D4,Storage,"Amazon FSx (Lustre, Windows, ONTAP, OpenZFS)",Throughput capacity,https://docs.aws.amazon.com/fsx/latest/LustreGuide/managing-throughput-capacity.html,ok,bronze/02-biblioteca-servicios/05-docs/storage-fsx/lustreguide/managing-throughput-capacity.html,bronze/02-biblioteca-servicios/05-docs/storage-fsx/lustreguide/managing-throughput-capacity.md,2026-09-11T01:39:54+00:00
02-biblioteca-servicios,LIB-what-is,D2;D3;D4,Storage,"Amazon FSx (Lustre, Windows, ONTAP, OpenZFS)",What is Amazon FSx for Lustre?,https://docs.aws.amazon.com/fsx/latest/LustreGuide/what-is.html,ok,bronze/02-biblioteca-servicios/05-docs/storage-fsx/lustreguide/what-is.html,bronze/02-biblioteca-servicios/05-docs/storage-fsx/lustreguide/what-is.md,2026-09-11T01:39:54+00:00
02-biblioteca-servicios,LIB-older-deployment-types,D2;D3;D4,Storage,"Amazon FSx (Lustre, Windows, ONTAP, OpenZFS)",Working with older deployment types,https://docs.aws.amazon.com/fsx/latest/LustreGuide/older-deployment-types.html,ok,bronze/02-biblioteca-servicios/05-docs/storage-fsx/lustreguide/older-deployment-types.html,bronze/02-biblioteca-servicios/05-docs/storage-fsx/lustreguide/older-deployment-types.md,2026-09-11T01:39:54+00:00
02-biblioteca-servicios,LIB-managing-storage-capacity,D2;D3;D4,Storage,"Amazon FSx (Lustre, Windows, ONTAP, OpenZFS)",Storage capacity,https://docs.aws.amazon.com/fsx/latest/LustreGuide/managing-storage-capacity.html,ok,bronze/02-biblioteca-servicios/05-docs/storage-fsx/lustreguide/managing-storage-capacity.html,bronze/02-biblioteca-servicios/05-docs/storage-fsx/lustreguide/managing-storage-capacity.md,2026-09-11T01:39:54+00:00
02-biblioteca-servicios,LIB-managing-throughput-capacity,D2;D3;D4,Storage,"Amazon FSx (Lustre, Windows, ONTAP, OpenZFS)",Managing throughput capacity,https://docs.aws.amazon.com/fsx/latest/WindowsGuide/managing-throughput-capacity.html,ok,bronze/02-biblioteca-servicios/05-docs/storage-fsx/windowsguide/managing-throughput-capacity.html,bronze/02-biblioteca-servicios/05-docs/storage-fsx/windowsguide/managing-throughput-capacity.md,2026-09-11T01:39:55+00:00
02-biblioteca-servicios,LIB-dfs-r,D2;D3;D4,Storage,"Amazon FSx (Lustre, Windows, ONTAP, OpenZFS)",You can't configure DFS-R on a Multi-AZ or Single-AZ 2 file system,https://docs.aws.amazon.com/fsx/latest/WindowsGuide/dfs-r.html,ok,bronze/02-biblioteca-servicios/05-docs/storage-fsx/windowsguide/dfs-r.html,bronze/02-biblioteca-servicios/05-docs/storage-fsx/windowsguide/dfs-r.md,2026-09-11T01:39:55+00:00
02-biblioteca-servicios,LIB-increase-storage-capacity,D2;D3;D4,Storage,"Amazon FSx (Lustre, Windows, ONTAP, OpenZFS)",Increasing storage capacity,https://docs.aws.amazon.com/fsx/latest/WindowsGuide/increase-storage-capacity.html,ok,bronze/02-biblioteca-servicios/05-docs/storage-fsx/windowsguide/increase-storage-capacity.html,bronze/02-biblioteca-servicios/05-docs/storage-fsx/windowsguide/increase-storage-capacity.md,2026-09-11T01:39:55+00:00
02-biblioteca-servicios,LIB-new-smbshare-fails,D2;D3;D4,Storage,"Amazon FSx (Lustre, Windows, ONTAP, OpenZFS)",New-FSxSmbShare command fails with a one-way trust,https://docs.aws.amazon.com/fsx/latest/WindowsGuide/new-smbshare-fails.html,ok,bronze/02-biblioteca-servicios/05-docs/storage-fsx/windowsguide/new-smbshare-fails.html,bronze/02-biblioteca-servicios/05-docs/storage-fsx/windowsguide/new-smbshare-fails.md,2026-09-11T01:39:55+00:00
02-biblioteca-servicios,LIB-managing-storage-capacity,D2;D3;D4,Storage,"Amazon FSx (Lustre, Windows, ONTAP, OpenZFS)",Managing storage capacity,https://docs.aws.amazon.com/fsx/latest/ONTAPGuide/managing-storage-capacity.html,ok,bronze/02-biblioteca-servicios/05-docs/storage-fsx/ontapguide/managing-storage-capacity.html,bronze/02-biblioteca-servicios/05-docs/storage-fsx/ontapguide/managing-storage-capacity.md,2026-09-11T01:39:56+00:00
02-biblioteca-servicios,LIB-configuring-routing-using-awstg,D2;D3;D4,Storage,"Amazon FSx (Lustre, Windows, ONTAP, OpenZFS)",Configure routing to access Multi-AZ file systems from outside your VPC,https://docs.aws.amazon.com/fsx/latest/ONTAPGuide/configuring-routing-using-AWSTG.html,ok,bronze/02-biblioteca-servicios/05-docs/storage-fsx/ontapguide/configuring-routing-using-awstg.html,bronze/02-biblioteca-servicios/05-docs/storage-fsx/ontapguide/configuring-routing-using-awstg.md,2026-09-11T01:39:56+00:00
02-biblioteca-servicios,LIB-create-smb-server-workgroup,D2;D3;D4,Storage,"Amazon FSx (Lustre, Windows, ONTAP, OpenZFS)",Creating an SMB server in a workgroup,https://docs.aws.amazon.com/fsx/latest/ONTAPGuide/create-smb-server-workgroup.html,ok,bronze/02-biblioteca-servicios/05-docs/storage-fsx/ontapguide/create-smb-server-workgroup.html,bronze/02-biblioteca-servicios/05-docs/storage-fsx/ontapguide/create-smb-server-workgroup.md,2026-09-11T01:39:56+00:00
02-biblioteca-servicios,LIB-managing-throughput-capacity,D2;D3;D4,Storage,"Amazon FSx (Lustre, Windows, ONTAP, OpenZFS)",Managing throughput capacity,https://docs.aws.amazon.com/fsx/latest/ONTAPGuide/managing-throughput-capacity.html,ok,bronze/02-biblioteca-servicios/05-docs/storage-fsx/ontapguide/managing-throughput-capacity.html,bronze/02-biblioteca-servicios/05-docs/storage-fsx/ontapguide/managing-throughput-capacity.md,2026-09-11T01:39:56+00:00
02-biblioteca-servicios,LIB-what-is-fsx-ontap,D2;D3;D4,Storage,"Amazon FSx (Lustre, Windows, ONTAP, OpenZFS)",What is Amazon FSx for NetApp ONTAP?,https://docs.aws.amazon.com/fsx/latest/ONTAPGuide/what-is-fsx-ontap.html,ok,bronze/02-biblioteca-servicios/05-docs/storage-fsx/ontapguide/what-is-fsx-ontap.html,bronze/02-biblioteca-servicios/05-docs/storage-fsx/ontapguide/what-is-fsx-ontap.md,2026-09-11T01:39:56+00:00
02-biblioteca-servicios,LIB-security-iam-service-with-iam,D2;D3;D4,Storage,"Amazon FSx (Lustre, Windows, ONTAP, OpenZFS)",FSx for ONTAP and IAM,https://docs.aws.amazon.com/fsx/latest/ONTAPGuide/security_iam_service-with-iam.html,ok,bronze/02-biblioteca-servicios/05-docs/storage-fsx/ontapguide/security-iam-service-with-iam.html,bronze/02-biblioteca-servicios/05-docs/storage-fsx/ontapguide/security-iam-service-with-iam.md,2026-09-11T01:39:56+00:00
02-biblioteca-servicios,LIB-managing-storage-capacity,D2;D3;D4,Storage,"Amazon FSx (Lustre, Windows, ONTAP, OpenZFS)",Modifying SSD storage capacity and IOPS,https://docs.aws.amazon.com/fsx/latest/OpenZFSGuide/managing-storage-capacity.html,ok,bronze/02-biblioteca-servicios/05-docs/storage-fsx/openzfsguide/managing-storage-capacity.html,bronze/02-biblioteca-servicios/05-docs/storage-fsx/openzfsguide/managing-storage-capacity.md,2026-09-11T01:39:57+00:00
02-biblioteca-servicios,LIB-what-is-fsx,D2;D3;D4,Storage,"Amazon FSx (Lustre, Windows, ONTAP, OpenZFS)",What is Amazon FSx for OpenZFS?,https://docs.aws.amazon.com/fsx/latest/OpenZFSGuide/what-is-fsx.html,ok,bronze/02-biblioteca-servicios/05-docs/storage-fsx/openzfsguide/what-is-fsx.html,bronze/02-biblioteca-servicios/05-docs/storage-fsx/openzfsguide/what-is-fsx.md,2026-09-11T01:39:57+00:00
02-biblioteca-servicios,LIB-managing-throughput-capacity,D2;D3;D4,Storage,"Amazon FSx (Lustre, Windows, ONTAP, OpenZFS)",Modifying throughput capacity,https://docs.aws.amazon.com/fsx/latest/OpenZFSGuide/managing-throughput-capacity.html,ok,bronze/02-biblioteca-servicios/05-docs/storage-fsx/openzfsguide/managing-throughput-capacity.html,bronze/02-biblioteca-servicios/05-docs/storage-fsx/openzfsguide/managing-throughput-capacity.md,2026-09-11T01:39:57+00:00
02-biblioteca-servicios,LIB-amazon-fsx-lustre-windows-ontap-openzfs,D2;D3;D4,Storage,"Amazon FSx (Lustre, Windows, ONTAP, OpenZFS)",FAQ oficial,https://aws.amazon.com/fsx/faqs/,failed,,,2026-09-11T01:39:59+00:00
02-biblioteca-servicios,LIB-sg-solutions-architect-associate-03-domain2,,,sg-solutions-architect-associate-03-domain2,Content Domain 2: Design Resilient Architectures,https://docs.aws.amazon.com/aws-certification/latest/solutions-architect-associate-03/solutions-architect-associate-03-domain2.html,ok-existing,,,2026-09-11T01:39:59+00:00
02-biblioteca-servicios,LIB-sg-saa-03-out-of-scope-services,,,sg-saa-03-out-of-scope-services,Out-of-Scope AWS Services,https://docs.aws.amazon.com/aws-certification/latest/solutions-architect-associate-03/saa-03-out-of-scope-services.html,ok-existing,,,2026-09-11T01:39:59+00:00
02-biblioteca-servicios,LIB-global-infrastructure,,,global-infrastructure,AWS Global Infrastructure,https://aws.amazon.com/about-aws/global-infrastructure/,ok,,,2026-09-11T01:40:00+00:00
02-biblioteca-servicios,LIB-wa-oe-prepare,,,wa-oe-prepare,Well-Architected Framework — Prepare,https://docs.aws.amazon.com/wellarchitected/latest/framework/oe-prepare.html,ok,,,2026-09-11T01:40:00+00:00
02-biblioteca-servicios,LIB-wa-sec-design,,,wa-sec-design,Well-Architected Framework — Design principles,https://docs.aws.amazon.com/wellarchitected/latest/framework/sec-design.html,ok,,,2026-09-11T01:40:00+00:00
02-biblioteca-servicios,LIB-wa-sec-detection,,,wa-sec-detection,Well-Architected Framework — Detection,https://docs.aws.amazon.com/wellarchitected/latest/framework/sec-detection.html,ok,,,2026-09-11T01:40:01+00:00
02-biblioteca-servicios,LIB-wa-sec-resources,,,wa-sec-resources,Well-Architected Framework — Resources,https://docs.aws.amazon.com/wellarchitected/latest/framework/sec-resources.html,ok,,,2026-09-11T01:40:01+00:00
02-biblioteca-servicios,LIB-wa-rel-found,,,wa-rel-found,Well-Architected Framework — Foundations,https://docs.aws.amazon.com/wellarchitected/latest/framework/rel-found.html,ok,,,2026-09-11T01:40:01+00:00
02-biblioteca-servicios,LIB-wa-perf-compute,,,wa-perf-compute,Well-Architected Framework — Compute and hardware,https://docs.aws.amazon.com/wellarchitected/latest/framework/perf-compute.html,ok,,,2026-09-11T01:40:02+00:00
02-biblioteca-servicios,LIB-wa-cost-aware,,,wa-cost-aware,Well-Architected Framework — Expenditure and usage awareness,https://docs.aws.amazon.com/wellarchitected/latest/framework/cost-aware.html,ok,,,2026-09-11T01:40:03+00:00
02-biblioteca-servicios,LIB-wa-sustainability,,,wa-sustainability,Well-Architected Framework — Sustainability,https://docs.aws.amazon.com/wellarchitected/latest/framework/sustainability.html,ok,,,2026-09-11T01:40:03+00:00
02-biblioteca-servicios,LIB-wa-sus-user-behavior-patterns,,,wa-sus-user-behavior-patterns,Well-Architected Framework — Alignment to demand,https://docs.aws.amazon.com/wellarchitected/latest/framework/sus-user-behavior-patterns.html,ok,,,2026-09-11T01:40:03+00:00
02-biblioteca-servicios,LIB-wa-sus-resources,,,wa-sus-resources,Well-Architected Framework — Resources,https://docs.aws.amazon.com/wellarchitected/latest/framework/sus-resources.html,ok,,,2026-09-11T01:40:04+00:00
02-biblioteca-servicios,LIB-wa-document-revisions,,,wa-document-revisions,Well-Architected Framework — Document revisions,https://docs.aws.amazon.com/wellarchitected/latest/framework/document-revisions.html,ok,,,2026-09-11T01:40:04+00:00
02-biblioteca-servicios,LIB-what-is-datapipeline,D3,Analytics,AWS Data Pipeline,What is AWS Data Pipeline?,https://docs.aws.amazon.com/datapipeline/latest/DeveloperGuide/what-is-datapipeline.html,ok,bronze/02-biblioteca-servicios/05-docs/analytics-data-pipeline/what-is-datapipeline.html,bronze/02-biblioteca-servicios/05-docs/analytics-data-pipeline/what-is-datapipeline.md,2026-09-11T01:38:30+00:00
02-biblioteca-servicios,LIB-aws-data-pipeline,D3,Analytics,AWS Data Pipeline,FAQ oficial,https://aws.amazon.com/datapipeline/faqs/,failed,,,2026-09-11T01:38:31+00:00
02-biblioteca-servicios,LIB-data-transformation-status-model,D3,Analytics,Amazon Kinesis Data Firehose,Required parameters for data transformation,https://docs.aws.amazon.com/firehose/latest/dev/data-transformation-status-model.html,ok,bronze/02-biblioteca-servicios/05-docs/analytics-kinesis-firehose/data-transformation-status-model.html,bronze/02-biblioteca-servicios/05-docs/analytics-kinesis-firehose/data-transformation-status-model.md,2026-09-11T01:38:32+00:00
02-biblioteca-servicios,LIB-buffering,D3,Analytics,Amazon Kinesis Data Firehose,Buffer data for dynamic partitioning,https://docs.aws.amazon.com/firehose/latest/dev/buffering.html,ok,bronze/02-biblioteca-servicios/05-docs/analytics-kinesis-firehose/buffering.html,bronze/02-biblioteca-servicios/05-docs/analytics-kinesis-firehose/buffering.md,2026-09-11T01:38:32+00:00
02-biblioteca-servicios,LIB-amazon-kinesis-data-firehose,D3,Analytics,Amazon Kinesis Data Firehose,FAQ oficial,https://aws.amazon.com/kinesis/firehose/faqs/,ok,bronze/02-biblioteca-servicios/04-faqs/amazon-kinesis-data-firehose.html,bronze/02-biblioteca-servicios/04-faqs/amazon-kinesis-data-firehose.md,2026-09-11T01:38:33+00:00
02-biblioteca-servicios,LIB-consumer-lag,D2;D3,Analytics,Amazon MSK,Monitor consumer lags,https://docs.aws.amazon.com/msk/latest/developerguide/consumer-lag.html,ok,bronze/02-biblioteca-servicios/05-docs/analytics-msk/consumer-lag.html,bronze/02-biblioteca-servicios/05-docs/analytics-msk/consumer-lag.md,2026-09-11T01:38:34+00:00
02-biblioteca-servicios,LIB-create-cluster,D2;D3,Analytics,Amazon MSK,Create a cluster,https://docs.aws.amazon.com/msk/latest/developerguide/create-cluster.html,ok,bronze/02-biblioteca-servicios/05-docs/analytics-msk/create-cluster.html,bronze/02-biblioteca-servicios/05-docs/analytics-msk/create-cluster.md,2026-09-11T01:38:34+00:00
02-biblioteca-servicios,LIB-msk-get-bootstrap-brokers,D2;D3,Analytics,Amazon MSK,Get the bootstrap brokers,https://docs.aws.amazon.com/msk/latest/developerguide/msk-get-bootstrap-brokers.html,ok,bronze/02-biblioteca-servicios/05-docs/analytics-msk/msk-get-bootstrap-brokers.html,bronze/02-biblioteca-servicios/05-docs/analytics-msk/msk-get-bootstrap-brokers.md,2026-09-11T01:38:34+00:00
02-biblioteca-servicios,LIB-amazon-msk,D2;D3,Analytics,Amazon MSK,FAQ oficial,https://aws.amazon.com/msk/faqs/,ok,bronze/02-biblioteca-servicios/04-faqs/amazon-msk.html,bronze/02-biblioteca-servicios/04-faqs/amazon-msk.md,2026-09-11T01:38:34+00:00
02-biblioteca-servicios,LIB-choosing-workflow-type,D2,Application Integration,AWS Step Functions,Choosing workflow type,https://docs.aws.amazon.com/step-functions/latest/dg/choosing-workflow-type.html,ok,bronze/02-biblioteca-servicios/05-docs/integration-stepfunctions/choosing-workflow-type.html,bronze/02-biblioteca-servicios/05-docs/integration-stepfunctions/choosing-workflow-type.md,2026-09-11T01:38:35+00:00
02-biblioteca-servicios,LIB-concepts-statemachines,D2,Application Integration,AWS Step Functions,State machines,https://docs.aws.amazon.com/step-functions/latest/dg/concepts-statemachines.html,ok,bronze/02-biblioteca-servicios/05-docs/integration-stepfunctions/concepts-statemachines.html,bronze/02-biblioteca-servicios/05-docs/integration-stepfunctions/concepts-statemachines.md,2026-09-11T01:38:35+00:00
02-biblioteca-servicios,LIB-state-map,D2,Application Integration,AWS Step Functions,Map,https://docs.aws.amazon.com/step-functions/latest/dg/state-map.html,ok,bronze/02-biblioteca-servicios/05-docs/integration-stepfunctions/state-map.html,bronze/02-biblioteca-servicios/05-docs/integration-stepfunctions/state-map.md,2026-09-11T01:38:35+00:00
02-biblioteca-servicios,LIB-synchronous-execution,D2,Application Integration,AWS Step Functions,Invoke Synchronous Express Workflows through API Gateway,https://docs.aws.amazon.com/step-functions/latest/dg/synchronous-execution.html,ok,bronze/02-biblioteca-servicios/05-docs/integration-stepfunctions/synchronous-execution.html,bronze/02-biblioteca-servicios/05-docs/integration-stepfunctions/synchronous-execution.md,2026-09-11T01:38:35+00:00
02-biblioteca-servicios,LIB-tutorial-lambda-state-machine-cdk,D2,Application Integration,AWS Step Functions,Using CDK to create a Standard workflow,https://docs.aws.amazon.com/step-functions/latest/dg/tutorial-lambda-state-machine-cdk.html,ok,bronze/02-biblioteca-servicios/05-docs/integration-stepfunctions/tutorial-lambda-state-machine-cdk.html,bronze/02-biblioteca-servicios/05-docs/integration-stepfunctions/tutorial-lambda-state-machine-cdk.md,2026-09-11T01:38:35+00:00
02-biblioteca-servicios,LIB-aws-step-functions,D2,Application Integration,AWS Step Functions,FAQ oficial,https://aws.amazon.com/step-functions/faqs/,ok,bronze/02-biblioteca-servicios/04-faqs/aws-step-functions.html,bronze/02-biblioteca-servicios/04-faqs/aws-step-functions.md,2026-09-11T01:38:36+00:00
02-biblioteca-servicios,LIB-what-is-serverlessrepo,D2,Compute,AWS Serverless Application Repository,What Is the AWS Serverless Application Repository?,https://docs.aws.amazon.com/serverlessrepo/latest/devguide/what-is-serverlessrepo.html,ok,bronze/02-biblioteca-servicios/05-docs/compute-sar/what-is-serverlessrepo.html,bronze/02-biblioteca-servicios/05-docs/compute-sar/what-is-serverlessrepo.md,2026-09-11T01:38:37+00:00
02-biblioteca-servicios,LIB-managed-node-groups,D2;D3,Containers,Amazon EKS (y EKS Anywhere / EKS Distro),Managed node groups,https://docs.aws.amazon.com/eks/latest/userguide/managed-node-groups.html,ok,bronze/02-biblioteca-servicios/05-docs/containers-eks/userguide/managed-node-groups.html,bronze/02-biblioteca-servicios/05-docs/containers-eks/userguide/managed-node-groups.md,2026-09-11T01:38:38+00:00
02-biblioteca-servicios,LIB-using-service-linked-roles-eks-nodegroups,D2;D3,Containers,Amazon EKS (y EKS Anywhere / EKS Distro),Node groups role,https://docs.aws.amazon.com/eks/latest/userguide/using-service-linked-roles-eks-nodegroups.html,ok,bronze/02-biblioteca-servicios/05-docs/containers-eks/userguide/using-service-linked-roles-eks-nodegroups.html,bronze/02-biblioteca-servicios/05-docs/containers-eks/userguide/using-service-linked-roles-eks-nodegroups.md,2026-09-11T01:38:38+00:00
02-biblioteca-servicios,LIB-getting-started-automode,D2;D3,Containers,Amazon EKS (y EKS Anywhere / EKS Distro),Create cluster (EKS Auto Mode),https://docs.aws.amazon.com/eks/latest/userguide/getting-started-automode.html,ok,bronze/02-biblioteca-servicios/05-docs/containers-eks/userguide/getting-started-automode.html,bronze/02-biblioteca-servicios/05-docs/containers-eks/userguide/getting-started-automode.md,2026-09-11T01:38:38+00:00
02-biblioteca-servicios,LIB-auto-migrate-fargate,D2;D3,Containers,Amazon EKS (y EKS Anywhere / EKS Distro),Migrate from Fargate,https://docs.aws.amazon.com/eks/latest/userguide/auto-migrate-fargate.html,ok,bronze/02-biblioteca-servicios/05-docs/containers-eks/userguide/auto-migrate-fargate.html,bronze/02-biblioteca-servicios/05-docs/containers-eks/userguide/auto-migrate-fargate.md,2026-09-11T01:38:38+00:00
02-biblioteca-servicios,LIB-critical-workload,D2;D3,Containers,Amazon EKS (y EKS Anywhere / EKS Distro),Run critical add-ons,https://docs.aws.amazon.com/eks/latest/userguide/critical-workload.html,ok,bronze/02-biblioteca-servicios/05-docs/containers-eks/userguide/critical-workload.html,bronze/02-biblioteca-servicios/05-docs/containers-eks/userguide/critical-workload.md,2026-09-11T01:38:38+00:00
02-biblioteca-servicios,LIB-amazon-eks-y-eks-anywhere-eks-distro,D2;D3,Containers,Amazon EKS (y EKS Anywhere / EKS Distro),,https://docs.aws.amazon.com/eks-anywhere/latest/developerguide/welcome.html,failed,,,2026-09-11T01:38:47+00:00
02-biblioteca-servicios,LIB-amazon-eks-y-eks-anywhere-eks-distro,D2;D3,Containers,Amazon EKS (y EKS Anywhere / EKS Distro),,https://docs.aws.amazon.com/eks-distro/latest/userguide/welcome.html,failed,,,2026-09-11T01:38:55+00:00
02-biblioteca-servicios,LIB-amazon-eks-y-eks-anywhere-eks-distro,D2;D3,Containers,Amazon EKS (y EKS Anywhere / EKS Distro),FAQ oficial,https://aws.amazon.com/eks/faqs/,ok,bronze/02-biblioteca-servicios/04-faqs/amazon-eks-y-eks-anywhere-eks-distro.html,bronze/02-biblioteca-servicios/04-faqs/amazon-eks-y-eks-anywhere-eks-distro.md,2026-09-11T01:38:56+00:00
02-biblioteca-servicios,LIB-concepts-aurora-fea-regions-db-eng-feature-serverlessv2,D2;D3;D4,Database,Amazon Aurora (y Aurora Serverless),Aurora serverless,https://docs.aws.amazon.com/AmazonRDS/latest/AuroraUserGuide/Concepts.Aurora_Fea_Regions_DB-eng.Feature.ServerlessV2.html,ok,bronze/02-biblioteca-servicios/05-docs/db-aurora/concepts-aurora-fea-regions-db-eng-feature-serverlessv2.html,bronze/02-biblioteca-servicios/05-docs/db-aurora/concepts-aurora-fea-regions-db-eng-feature-serverlessv2.md,2026-09-11T01:38:57+00:00
02-biblioteca-servicios,LIB-babelfish,D2;D3;D4,Database,Amazon Aurora (y Aurora Serverless),Using Babelfish for Aurora PostgreSQL,https://docs.aws.amazon.com/AmazonRDS/latest/AuroraUserGuide/babelfish.html,ok,bronze/02-biblioteca-servicios/05-docs/db-aurora/babelfish.html,bronze/02-biblioteca-servicios/05-docs/db-aurora/babelfish.md,2026-09-11T01:38:57+00:00
02-biblioteca-servicios,LIB-aurora-replicas-adding,D2;D3;D4,Database,Amazon Aurora (y Aurora Serverless),Adding Aurora Replicas,https://docs.aws.amazon.com/AmazonRDS/latest/AuroraUserGuide/aurora-replicas-adding.html,ok,bronze/02-biblioteca-servicios/05-docs/db-aurora/aurora-replicas-adding.html,bronze/02-biblioteca-servicios/05-docs/db-aurora/aurora-replicas-adding.md,2026-09-11T01:38:57+00:00
02-biblioteca-servicios,LIB-concepts-aurora-fea-regions-db-eng-feature-globaldatabase,D2;D3;D4,Database,Amazon Aurora (y Aurora Serverless),Aurora global databases,https://docs.aws.amazon.com/AmazonRDS/latest/AuroraUserGuide/Concepts.Aurora_Fea_Regions_DB-eng.Feature.GlobalDatabase.html,ok,bronze/02-biblioteca-servicios/05-docs/db-aurora/concepts-aurora-fea-regions-db-eng-feature-globaldatabase.html,bronze/02-biblioteca-servicios/05-docs/db-aurora/concepts-aurora-fea-regions-db-eng-feature-globaldatabase.md,2026-09-11T01:38:57+00:00
02-biblioteca-servicios,LIB-concepts-aurorahighavailability,D2;D3;D4,Database,Amazon Aurora (y Aurora Serverless),High availability,https://docs.aws.amazon.com/AmazonRDS/latest/AuroraUserGuide/Concepts.AuroraHighAvailability.html,ok,bronze/02-biblioteca-servicios/05-docs/db-aurora/concepts-aurorahighavailability.html,bronze/02-biblioteca-servicios/05-docs/db-aurora/concepts-aurorahighavailability.md,2026-09-11T01:38:57+00:00
02-biblioteca-servicios,LIB-aurora-endpoints-cluster,D2;D3;D4,Database,Amazon Aurora (y Aurora Serverless),Cluster endpoints,https://docs.aws.amazon.com/AmazonRDS/latest/AuroraUserGuide/Aurora.Endpoints.Cluster.html,ok,bronze/02-biblioteca-servicios/05-docs/db-aurora/aurora-endpoints-cluster.html,bronze/02-biblioteca-servicios/05-docs/db-aurora/aurora-endpoints-cluster.md,2026-09-11T01:38:57+00:00
02-biblioteca-servicios,LIB-amazon-aurora-y-aurora-serverless,D2;D3;D4,Database,Amazon Aurora (y Aurora Serverless),FAQ oficial,https://aws.amazon.com/rds/aurora/faqs/,failed,,,2026-09-11T01:39:02+00:00
02-biblioteca-servicios,LIB-connect-to-replica-set,D3,Database,Amazon DocumentDB,Connecting as a replica set,https://docs.aws.amazon.com/documentdb/latest/developerguide/connect-to-replica-set.html,ok,bronze/02-biblioteca-servicios/05-docs/db-documentdb/connect-to-replica-set.html,bronze/02-biblioteca-servicios/05-docs/db-documentdb/connect-to-replica-set.md,2026-09-11T01:39:04+00:00
02-biblioteca-servicios,LIB-managing-documentdb,D3,Database,Amazon DocumentDB,Managing clusters and instances,https://docs.aws.amazon.com/documentdb/latest/developerguide/managing-documentdb.html,ok,bronze/02-biblioteca-servicios/05-docs/db-documentdb/managing-documentdb.html,bronze/02-biblioteca-servicios/05-docs/db-documentdb/managing-documentdb.md,2026-09-11T01:39:04+00:00
02-biblioteca-servicios,LIB-db-instance-classes,D3,Database,Amazon DocumentDB,Managing instance classes,https://docs.aws.amazon.com/documentdb/latest/developerguide/db-instance-classes.html,ok,bronze/02-biblioteca-servicios/05-docs/db-documentdb/db-instance-classes.html,bronze/02-biblioteca-servicios/05-docs/db-documentdb/db-instance-classes.md,2026-09-11T01:39:04+00:00
02-biblioteca-servicios,LIB-amazon-documentdb,D3,Database,Amazon DocumentDB,FAQ oficial,https://aws.amazon.com/documentdb/faqs/,ok,bronze/02-biblioteca-servicios/04-faqs/amazon-documentdb.html,bronze/02-biblioteca-servicios/04-faqs/amazon-documentdb.md,2026-09-11T01:39:05+00:00
02-biblioteca-servicios,LIB-amazon-neptune,D3,Database,Amazon Neptune,FAQ oficial,https://aws.amazon.com/neptune/faqs/,ok,bronze/02-biblioteca-servicios/04-faqs/amazon-neptune.html,bronze/02-biblioteca-servicios/04-faqs/amazon-neptune.md,2026-09-11T01:39:06+00:00
02-biblioteca-servicios,LIB-concepts-rds-fea-regions-db-eng-feature-crossregionreadrepli,D1;D2;D3;D4,Database,Amazon RDS,Cross-Region read replicas,https://docs.aws.amazon.com/AmazonRDS/latest/UserGuide/Concepts.RDS_Fea_Regions_DB-eng.Feature.CrossRegionReadReplicas.html,ok,bronze/02-biblioteca-servicios/05-docs/db-rds/concepts-rds-fea-regions-db-eng-feature-crossregionreadreplicas.html,bronze/02-biblioteca-servicios/05-docs/db-rds/concepts-rds-fea-regions-db-eng-feature-crossregionreadreplicas.md,2026-09-11T01:39:07+00:00
02-biblioteca-servicios,LIB-concepts-rds-fea-regions-db-eng-feature-multiazdbclusters,D1;D2;D3;D4,Database,Amazon RDS,Multi-AZ DB clusters,https://docs.aws.amazon.com/AmazonRDS/latest/UserGuide/Concepts.RDS_Fea_Regions_DB-eng.Feature.MultiAZDBClusters.html,ok,bronze/02-biblioteca-servicios/05-docs/db-rds/concepts-rds-fea-regions-db-eng-feature-multiazdbclusters.html,bronze/02-biblioteca-servicios/05-docs/db-rds/concepts-rds-fea-regions-db-eng-feature-multiazdbclusters.md,2026-09-11T01:39:07+00:00
02-biblioteca-servicios,LIB-user-readrepl-xrgn,D1;D2;D3;D4,Database,Amazon RDS,Cross-Region read replicas,https://docs.aws.amazon.com/AmazonRDS/latest/UserGuide/USER_ReadRepl.XRgn.html,ok,bronze/02-biblioteca-servicios/05-docs/db-rds/user-readrepl-xrgn.html,bronze/02-biblioteca-servicios/05-docs/db-rds/user-readrepl-xrgn.md,2026-09-11T01:39:07+00:00
02-biblioteca-servicios,LIB-concepts-rds-fea-regions-db-eng-feature-crossregionautomated,D1;D2;D3;D4,Database,Amazon RDS,Cross-Region automated backups,https://docs.aws.amazon.com/AmazonRDS/latest/UserGuide/Concepts.RDS_Fea_Regions_DB-eng.Feature.CrossRegionAutomatedBackups.html,ok,bronze/02-biblioteca-servicios/05-docs/db-rds/concepts-rds-fea-regions-db-eng-feature-crossregionautomatedbackups.html,bronze/02-biblioteca-servicios/05-docs/db-rds/concepts-rds-fea-regions-db-eng-feature-crossregionautomatedbackups.md,2026-09-11T01:39:07+00:00
02-biblioteca-servicios,LIB-concepts-rds-fea-regions-db-eng-feature-rdsproxy,D1;D2;D3;D4,Database,Amazon RDS,Amazon RDS Proxy,https://docs.aws.amazon.com/AmazonRDS/latest/UserGuide/Concepts.RDS_Fea_Regions_DB-eng.Feature.RDSProxy.html,ok,bronze/02-biblioteca-servicios/05-docs/db-rds/concepts-rds-fea-regions-db-eng-feature-rdsproxy.html,bronze/02-biblioteca-servicios/05-docs/db-rds/concepts-rds-fea-regions-db-eng-feature-rdsproxy.md,2026-09-11T01:39:07+00:00
02-biblioteca-servicios,LIB-concepts-dbinstanceclass,D1;D2;D3;D4,Database,Amazon RDS,DB instance classes,https://docs.aws.amazon.com/AmazonRDS/latest/UserGuide/Concepts.DBInstanceClass.html,ok,bronze/02-biblioteca-servicios/05-docs/db-rds/concepts-dbinstanceclass.html,bronze/02-biblioteca-servicios/05-docs/db-rds/concepts-dbinstanceclass.md,2026-09-11T01:39:07+00:00
02-biblioteca-servicios,LIB-concepts-multiazsinglestandby,D1;D2;D3;D4,Database,Amazon RDS,Multi-AZ DB instance deployments,https://docs.aws.amazon.com/AmazonRDS/latest/UserGuide/Concepts.MultiAZSingleStandby.html,ok,bronze/02-biblioteca-servicios/05-docs/db-rds/concepts-multiazsinglestandby.html,bronze/02-biblioteca-servicios/05-docs/db-rds/concepts-multiazsinglestandby.md,2026-09-11T01:39:07+00:00
02-biblioteca-servicios,LIB-amazon-rds,D1;D2;D3;D4,Database,Amazon RDS,FAQ oficial,https://aws.amazon.com/rds/faqs/,ok,bronze/02-biblioteca-servicios/04-faqs/amazon-rds.html,bronze/02-biblioteca-servicios/04-faqs/amazon-rds.md,2026-09-11T01:39:08+00:00
02-biblioteca-servicios,LIB-what-is-forecast,D2,Machine Learning,Amazon Forecast,What Is Amazon Forecast?,https://docs.aws.amazon.com/forecast/latest/dg/what-is-forecast.html,ok,bronze/02-biblioteca-servicios/05-docs/ml-forecast/what-is-forecast.html,bronze/02-biblioteca-servicios/05-docs/ml-forecast/what-is-forecast.md,2026-09-11T01:39:09+00:00
02-biblioteca-servicios,LIB-amazon-forecast,D2,Machine Learning,Amazon Forecast,FAQ oficial,https://aws.amazon.com/forecast/faqs/,failed,,,2026-09-11T01:39:10+00:00
02-biblioteca-servicios,LIB-what-is,D2,Machine Learning,Amazon Textract,What is Amazon Textract?,https://docs.aws.amazon.com/textract/latest/dg/what-is.html,ok,bronze/02-biblioteca-servicios/05-docs/ml-textract/what-is.html,bronze/02-biblioteca-servicios/05-docs/ml-textract/what-is.md,2026-09-11T01:39:11+00:00
02-biblioteca-servicios,LIB-amazon-textract,D2,Machine Learning,Amazon Textract,FAQ oficial,https://aws.amazon.com/textract/faqs/,ok,bronze/02-biblioteca-servicios/04-faqs/amazon-textract.html,bronze/02-biblioteca-servicios/04-faqs/amazon-textract.md,2026-09-11T01:39:11+00:00
02-biblioteca-servicios,LIB-aws-config-landing-page,D1;D2,Management and Governance,AWS Config,Resource Management,https://docs.aws.amazon.com/config/latest/developerguide/aws-config-landing-page.html,ok,bronze/02-biblioteca-servicios/05-docs/mgmt-config/aws-config-landing-page.html,bronze/02-biblioteca-servicios/05-docs/mgmt-config/aws-config-landing-page.md,2026-09-11T01:39:12+00:00
02-biblioteca-servicios,LIB-stop-start-recorder,D1;D2,Management and Governance,AWS Config,Configuration Recorder,https://docs.aws.amazon.com/config/latest/developerguide/stop-start-recorder.html,ok,bronze/02-biblioteca-servicios/05-docs/mgmt-config/stop-start-recorder.html,bronze/02-biblioteca-servicios/05-docs/mgmt-config/stop-start-recorder.md,2026-09-11T01:39:12+00:00
02-biblioteca-servicios,LIB-example-config-rule-compliance-notification,D1;D2,Management and Governance,AWS Config,Example Compliance Change Notification,https://docs.aws.amazon.com/config/latest/developerguide/example-config-rule-compliance-notification.html,ok,bronze/02-biblioteca-servicios/05-docs/mgmt-config/example-config-rule-compliance-notification.html,bronze/02-biblioteca-servicios/05-docs/mgmt-config/example-config-rule-compliance-notification.md,2026-09-11T01:39:12+00:00
02-biblioteca-servicios,LIB-config-rules-evaluation-started,D1;D2,Management and Governance,AWS Config,Example Rules Evaluation Started Notification,https://docs.aws.amazon.com/config/latest/developerguide/config-rules-evaluation-started.html,ok,bronze/02-biblioteca-servicios/05-docs/mgmt-config/config-rules-evaluation-started.html,bronze/02-biblioteca-servicios/05-docs/mgmt-config/config-rules-evaluation-started.md,2026-09-11T01:39:12+00:00
02-biblioteca-servicios,LIB-aws-config,D1;D2,Management and Governance,AWS Config,FAQ oficial,https://aws.amazon.com/config/faqs/,ok,bronze/02-biblioteca-servicios/04-faqs/aws-config.html,bronze/02-biblioteca-servicios/04-faqs/aws-config.md,2026-09-11T01:39:12+00:00
02-biblioteca-servicios,LIB-license-manager,D4,Management and Governance,AWS License Manager,What is AWS License Manager?,https://docs.aws.amazon.com/license-manager/latest/userguide/license-manager.html,ok,bronze/02-biblioteca-servicios/05-docs/mgmt-license-manager/license-manager.html,bronze/02-biblioteca-servicios/05-docs/mgmt-license-manager/license-manager.md,2026-09-11T01:39:14+00:00
02-biblioteca-servicios,LIB-aws-license-manager,D4,Management and Governance,AWS License Manager,FAQ oficial,https://aws.amazon.com/license-manager/faqs/,ok,bronze/02-biblioteca-servicios/04-faqs/aws-license-manager.html,bronze/02-biblioteca-servicios/04-faqs/aws-license-manager.md,2026-09-11T01:39:15+00:00
02-biblioteca-servicios,LIB-orgs-manage-accounts,D1;D4,Management and Governance,AWS Organizations,Managing accounts in an organization,https://docs.aws.amazon.com/organizations/latest/userguide/orgs_manage_accounts.html,ok,bronze/02-biblioteca-servicios/05-docs/mgmt-organizations/orgs-manage-accounts.html,bronze/02-biblioteca-servicios/05-docs/mgmt-organizations/orgs-manage-accounts.md,2026-09-11T01:39:15+00:00
02-biblioteca-servicios,LIB-orgs-manage-accounts-management,D1;D4,Management and Governance,AWS Organizations,Management account,https://docs.aws.amazon.com/organizations/latest/userguide/orgs-manage_accounts_management.html,ok,bronze/02-biblioteca-servicios/05-docs/mgmt-organizations/orgs-manage-accounts-management.html,bronze/02-biblioteca-servicios/05-docs/mgmt-organizations/orgs-manage-accounts-management.md,2026-09-11T01:39:15+00:00
02-biblioteca-servicios,LIB-orgs-manage-accounts-invites,D1;D4,Management and Governance,AWS Organizations,Account invitations,https://docs.aws.amazon.com/organizations/latest/userguide/orgs_manage_accounts_invites.html,ok,bronze/02-biblioteca-servicios/05-docs/mgmt-organizations/orgs-manage-accounts-invites.html,bronze/02-biblioteca-servicios/05-docs/mgmt-organizations/orgs-manage-accounts-invites.md,2026-09-11T01:39:16+00:00
02-biblioteca-servicios,LIB-aws-organizations,D1;D4,Management and Governance,AWS Organizations,FAQ oficial,https://aws.amazon.com/organizations/faqs/,ok,bronze/02-biblioteca-servicios/04-faqs/aws-organizations.html,bronze/02-biblioteca-servicios/04-faqs/aws-organizations.md,2026-09-11T01:39:16+00:00
02-biblioteca-servicios,LIB-patch-manager,D1;D2;D4,Management and Governance,AWS Systems Manager,Patch Manager,https://docs.aws.amazon.com/systems-manager/latest/userguide/patch-manager.html,ok,bronze/02-biblioteca-servicios/05-docs/mgmt-systemsmanager/patch-manager.html,bronze/02-biblioteca-servicios/05-docs/mgmt-systemsmanager/patch-manager.md,2026-09-11T01:39:17+00:00
02-biblioteca-servicios,LIB-patch-manager-override-lists,D1;D2;D4,Management and Governance,AWS Systems Manager,Sample scenario for using the InstallOverrideList parameter,https://docs.aws.amazon.com/systems-manager/latest/userguide/patch-manager-override-lists.html,ok,bronze/02-biblioteca-servicios/05-docs/mgmt-systemsmanager/patch-manager-override-lists.html,bronze/02-biblioteca-servicios/05-docs/mgmt-systemsmanager/patch-manager-override-lists.md,2026-09-11T01:39:17+00:00
02-biblioteca-servicios,LIB-run-command,D1;D2;D4,Management and Governance,AWS Systems Manager,Run Command,https://docs.aws.amazon.com/systems-manager/latest/userguide/run-command.html,ok,bronze/02-biblioteca-servicios/05-docs/mgmt-systemsmanager/run-command.html,bronze/02-biblioteca-servicios/05-docs/mgmt-systemsmanager/run-command.md,2026-09-11T01:39:17+00:00
02-biblioteca-servicios,LIB-systems-manager-automation,D1;D2;D4,Management and Governance,AWS Systems Manager,Automation,https://docs.aws.amazon.com/systems-manager/latest/userguide/systems-manager-automation.html,ok,bronze/02-biblioteca-servicios/05-docs/mgmt-systemsmanager/systems-manager-automation.html,bronze/02-biblioteca-servicios/05-docs/mgmt-systemsmanager/systems-manager-automation.md,2026-09-11T01:39:17+00:00
02-biblioteca-servicios,LIB-cloud-connector-automation-dispatch-role,D1;D2;D4,Management and Governance,AWS Systems Manager,Automation dispatch role,https://docs.aws.amazon.com/systems-manager/latest/userguide/cloud-connector-automation-dispatch-role.html,ok,bronze/02-biblioteca-servicios/05-docs/mgmt-systemsmanager/cloud-connector-automation-dispatch-role.html,bronze/02-biblioteca-servicios/05-docs/mgmt-systemsmanager/cloud-connector-automation-dispatch-role.md,2026-09-11T01:39:17+00:00
02-biblioteca-servicios,LIB-systems-manager-state,D1;D2;D4,Management and Governance,AWS Systems Manager,State Manager,https://docs.aws.amazon.com/systems-manager/latest/userguide/systems-manager-state.html,ok,bronze/02-biblioteca-servicios/05-docs/mgmt-systemsmanager/systems-manager-state.html,bronze/02-biblioteca-servicios/05-docs/mgmt-systemsmanager/systems-manager-state.md,2026-09-11T01:39:17+00:00
02-biblioteca-servicios,LIB-systems-manager-just-in-time-node-access-session-preferences,D1;D2;D4,Management and Governance,AWS Systems Manager,Update just-in-time node access session preferences,https://docs.aws.amazon.com/systems-manager/latest/userguide/systems-manager-just-in-time-node-access-session-preferences.html,ok,bronze/02-biblioteca-servicios/05-docs/mgmt-systemsmanager/systems-manager-just-in-time-node-access-session-preferences.html,bronze/02-biblioteca-servicios/05-docs/mgmt-systemsmanager/systems-manager-just-in-time-node-access-session-preferences.md,2026-09-11T01:39:17+00:00
02-biblioteca-servicios,LIB-opscenter,D1;D2;D4,Management and Governance,AWS Systems Manager,OpsCenter,https://docs.aws.amazon.com/systems-manager/latest/userguide/OpsCenter.html,ok,bronze/02-biblioteca-servicios/05-docs/mgmt-systemsmanager/opscenter.html,bronze/02-biblioteca-servicios/05-docs/mgmt-systemsmanager/opscenter.md,2026-09-11T01:39:17+00:00
02-biblioteca-servicios,LIB-aws-systems-manager,D1;D2;D4,Management and Governance,AWS Systems Manager,FAQ oficial,https://aws.amazon.com/systems-manager/faqs/,failed,,,2026-09-11T01:39:19+00:00
02-biblioteca-servicios,LIB-what-is-kinesis-video,D3,Media Services,Amazon Kinesis Video Streams,What is Amazon Kinesis Video Streams?,https://docs.aws.amazon.com/kinesisvideostreams/latest/dg/what-is-kinesis-video.html,ok,bronze/02-biblioteca-servicios/05-docs/media-kinesis-video/what-is-kinesis-video.html,bronze/02-biblioteca-servicios/05-docs/media-kinesis-video/what-is-kinesis-video.md,2026-09-11T01:39:20+00:00
02-biblioteca-servicios,LIB-gs-createstream,D3,Media Services,Amazon Kinesis Video Streams,Create an Amazon Kinesis video stream,https://docs.aws.amazon.com/kinesisvideostreams/latest/dg/gs-createstream.html,ok,bronze/02-biblioteca-servicios/05-docs/media-kinesis-video/gs-createstream.html,bronze/02-biblioteca-servicios/05-docs/media-kinesis-video/gs-createstream.md,2026-09-11T01:39:20+00:00
02-biblioteca-servicios,LIB-how-it-works-kinesis-video-api-producer-sdk,D3,Media Services,Amazon Kinesis Video Streams,API and producer libraries,https://docs.aws.amazon.com/kinesisvideostreams/latest/dg/how-it-works-kinesis-video-api-producer-sdk.html,ok,bronze/02-biblioteca-servicios/05-docs/media-kinesis-video/how-it-works-kinesis-video-api-producer-sdk.html,bronze/02-biblioteca-servicios/05-docs/media-kinesis-video/how-it-works-kinesis-video-api-producer-sdk.md,2026-09-11T01:39:20+00:00
02-biblioteca-servicios,LIB-amazon-kinesis-video-streams,D3,Media Services,Amazon Kinesis Video Streams,FAQ oficial,https://aws.amazon.com/kinesis/video-streams/faqs/,ok,bronze/02-biblioteca-servicios/04-faqs/amazon-kinesis-video-streams.html,bronze/02-biblioteca-servicios/04-faqs/amazon-kinesis-video-streams.md,2026-09-11T01:39:21+00:00
02-biblioteca-servicios,LIB-whatishub,D2,Migration and Transfer,AWS Migration Hub,What Is AWS Migration Hub?,https://docs.aws.amazon.com/migrationhub/latest/ug/whatishub.html,ok,bronze/02-biblioteca-servicios/05-docs/migration-hub/whatishub.html,bronze/02-biblioteca-servicios/05-docs/migration-hub/whatishub.md,2026-09-11T01:39:22+00:00
02-biblioteca-servicios,LIB-aws-migration-hub,D2,Migration and Transfer,AWS Migration Hub,FAQ oficial,https://aws.amazon.com/migration-hub/faqs/,failed,,,2026-09-11T01:39:22+00:00
02-biblioteca-servicios,LIB-sftp-for-transfer-family,D2,Migration and Transfer,AWS Transfer Family,"Transfer Family for SFTP, FTPS, FTP",https://docs.aws.amazon.com/transfer/latest/userguide/sftp-for-transfer-family.html,ok,bronze/02-biblioteca-servicios/05-docs/migration-transfer/sftp-for-transfer-family.html,bronze/02-biblioteca-servicios/05-docs/migration-transfer/sftp-for-transfer-family.md,2026-09-11T01:39:23+00:00
02-biblioteca-servicios,LIB-sftp-connectors-tutorial,D2,Migration and Transfer,AWS Transfer Family,Create and use SFTP connectors,https://docs.aws.amazon.com/transfer/latest/userguide/sftp-connectors-tutorial.html,ok,bronze/02-biblioteca-servicios/05-docs/migration-transfer/sftp-connectors-tutorial.html,bronze/02-biblioteca-servicios/05-docs/migration-transfer/sftp-connectors-tutorial.md,2026-09-11T01:39:23+00:00
02-biblioteca-servicios,LIB-tf-server-endpoint,D2,Migration and Transfer,AWS Transfer Family,Configure a Transfer Family server endpoint,https://docs.aws.amazon.com/transfer/latest/userguide/tf-server-endpoint.html,ok,bronze/02-biblioteca-servicios/05-docs/migration-transfer/tf-server-endpoint.html,bronze/02-biblioteca-servicios/05-docs/migration-transfer/tf-server-endpoint.md,2026-09-11T01:39:23+00:00
02-biblioteca-servicios,LIB-getting-started,D2,Migration and Transfer,AWS Transfer Family,Get started with server endpoints,https://docs.aws.amazon.com/transfer/latest/userguide/getting-started.html,ok,bronze/02-biblioteca-servicios/05-docs/migration-transfer/getting-started.html,bronze/02-biblioteca-servicios/05-docs/migration-transfer/getting-started.md,2026-09-11T01:39:23+00:00
02-biblioteca-servicios,LIB-create-server-sftp,D2,Migration and Transfer,AWS Transfer Family,Create an SFTP-enabled server,https://docs.aws.amazon.com/transfer/latest/userguide/create-server-sftp.html,ok,bronze/02-biblioteca-servicios/05-docs/migration-transfer/create-server-sftp.html,bronze/02-biblioteca-servicios/05-docs/migration-transfer/create-server-sftp.md,2026-09-11T01:39:23+00:00
02-biblioteca-servicios,LIB-aws-transfer-family,D2,Migration and Transfer,AWS Transfer Family,FAQ oficial,https://aws.amazon.com/aws-transfer-family/faqs/,ok,bronze/02-biblioteca-servicios/04-faqs/aws-transfer-family.html,bronze/02-biblioteca-servicios/04-faqs/aws-transfer-family.md,2026-09-11T01:39:24+00:00
02-biblioteca-servicios,LIB-lags,D1;D2;D3;D4,Networking and Content Delivery,AWS Direct Connect,Link aggregation groups (LAGs),https://docs.aws.amazon.com/directconnect/latest/UserGuide/lags.html,ok,bronze/02-biblioteca-servicios/05-docs/network-directconnect/lags.html,bronze/02-biblioteca-servicios/05-docs/network-directconnect/lags.md,2026-09-11T01:39:25+00:00
02-biblioteca-servicios,LIB-resiliency-toolkit,D1;D2;D3;D4,Networking and Content Delivery,AWS Direct Connect,AWS Direct Connect Resiliency Toolkit,https://docs.aws.amazon.com/directconnect/latest/UserGuide/resiliency_toolkit.html,ok,bronze/02-biblioteca-servicios/05-docs/network-directconnect/resiliency-toolkit.html,bronze/02-biblioteca-servicios/05-docs/network-directconnect/resiliency-toolkit.md,2026-09-11T01:39:25+00:00
02-biblioteca-servicios,LIB-connection-options,D1;D2;D3;D4,Networking and Content Delivery,AWS Direct Connect,Connection options,https://docs.aws.amazon.com/directconnect/latest/UserGuide/connection_options.html,ok,bronze/02-biblioteca-servicios/05-docs/network-directconnect/connection-options.html,bronze/02-biblioteca-servicios/05-docs/network-directconnect/connection-options.md,2026-09-11T01:39:25+00:00
02-biblioteca-servicios,LIB-workingwithconnections,D1;D2;D3;D4,Networking and Content Delivery,AWS Direct Connect,Dedicated and hosted connections,https://docs.aws.amazon.com/directconnect/latest/UserGuide/WorkingWithConnections.html,ok,bronze/02-biblioteca-servicios/05-docs/network-directconnect/workingwithconnections.html,bronze/02-biblioteca-servicios/05-docs/network-directconnect/workingwithconnections.md,2026-09-11T01:39:25+00:00
02-biblioteca-servicios,LIB-macsec,D1;D2;D3;D4,Networking and Content Delivery,AWS Direct Connect,MAC security (MACsec),https://docs.aws.amazon.com/directconnect/latest/UserGuide/MACsec.html,ok,bronze/02-biblioteca-servicios/05-docs/network-directconnect/macsec.html,bronze/02-biblioteca-servicios/05-docs/network-directconnect/macsec.md,2026-09-11T01:39:25+00:00
02-biblioteca-servicios,LIB-private-transit-vif-example,D1;D2;D3;D4,Networking and Content Delivery,AWS Direct Connect,Private virtual interface routing example,https://docs.aws.amazon.com/directconnect/latest/UserGuide/private-transit-vif-example.html,ok,bronze/02-biblioteca-servicios/05-docs/network-directconnect/private-transit-vif-example.html,bronze/02-biblioteca-servicios/05-docs/network-directconnect/private-transit-vif-example.md,2026-09-11T01:39:25+00:00
02-biblioteca-servicios,LIB-create-macsec-dedicated,D1;D2;D3;D4,Networking and Content Delivery,AWS Direct Connect,Get started with MACsec on a dedicated connection,https://docs.aws.amazon.com/directconnect/latest/UserGuide/create-macsec-dedicated.html,ok,bronze/02-biblioteca-servicios/05-docs/network-directconnect/create-macsec-dedicated.html,bronze/02-biblioteca-servicios/05-docs/network-directconnect/create-macsec-dedicated.md,2026-09-11T01:39:25+00:00
02-biblioteca-servicios,LIB-aws-direct-connect,D1;D2;D3;D4,Networking and Content Delivery,AWS Direct Connect,FAQ oficial,https://aws.amazon.com/directconnect/faqs/,ok,bronze/02-biblioteca-servicios/04-faqs/aws-direct-connect.html,bronze/02-biblioteca-servicios/04-faqs/aws-direct-connect.md,2026-09-11T01:39:27+00:00
02-biblioteca-servicios,LIB-aws-firewall-manager,D1,"Security, Identity, and Compliance",AWS Firewall Manager,,https://docs.aws.amazon.com/fms/latest/developerguide/welcome.html,failed,,,2026-09-11T01:39:36+00:00
02-biblioteca-servicios,LIB-aws-firewall-manager,D1,"Security, Identity, and Compliance",AWS Firewall Manager,FAQ oficial,https://aws.amazon.com/firewall-manager/faqs/,ok,bronze/02-biblioteca-servicios/04-faqs/aws-firewall-manager.html,bronze/02-biblioteca-servicios/04-faqs/aws-firewall-manager.md,2026-09-11T01:39:36+00:00
02-biblioteca-servicios,LIB-quick-start-default-idc,D1,"Security, Identity, and Compliance",AWS IAM Identity Center (SSO),Identity Center directory,https://docs.aws.amazon.com/singlesignon/latest/userguide/quick-start-default-idc.html,ok,bronze/02-biblioteca-servicios/05-docs/security-identitycenter/quick-start-default-idc.html,bronze/02-biblioteca-servicios/05-docs/security-identitycenter/quick-start-default-idc.md,2026-09-11T01:39:37+00:00
02-biblioteca-servicios,LIB-permissionsetsconcept,D1,"Security, Identity, and Compliance",AWS IAM Identity Center (SSO),Permission sets,https://docs.aws.amazon.com/singlesignon/latest/userguide/permissionsetsconcept.html,ok,bronze/02-biblioteca-servicios/05-docs/security-identitycenter/permissionsetsconcept.html,bronze/02-biblioteca-servicios/05-docs/security-identitycenter/permissionsetsconcept.md,2026-09-11T01:39:37+00:00
02-biblioteca-servicios,LIB-confirm-identity-source,D1,"Security, Identity, and Compliance",AWS IAM Identity Center (SSO),Confirm your identity sources,https://docs.aws.amazon.com/singlesignon/latest/userguide/confirm-identity-source.html,ok,bronze/02-biblioteca-servicios/05-docs/security-identitycenter/confirm-identity-source.html,bronze/02-biblioteca-servicios/05-docs/security-identitycenter/confirm-identity-source.md,2026-09-11T01:39:37+00:00
02-biblioteca-servicios,LIB-aws-iam-identity-center-sso,D1,"Security, Identity, and Compliance",AWS IAM Identity Center (SSO),FAQ oficial,https://aws.amazon.com/single-sign-on/faqs/,ok,bronze/02-biblioteca-servicios/04-faqs/aws-iam-identity-center-sso.html,bronze/02-biblioteca-servicios/04-faqs/aws-iam-identity-center-sso.md,2026-09-11T01:39:38+00:00
02-biblioteca-servicios,LIB-recovery-points,D1;D2;D4,Storage,AWS Backup,"Backup creation, maintenance, and restore",https://docs.aws.amazon.com/aws-backup/latest/devguide/recovery-points.html,ok,bronze/02-biblioteca-servicios/05-docs/storage-backup/recovery-points.html,bronze/02-biblioteca-servicios/05-docs/storage-backup/recovery-points.md,2026-09-11T01:39:39+00:00
02-biblioteca-servicios,LIB-whatisbackup,D1;D2;D4,Storage,AWS Backup,What is AWS Backup?,https://docs.aws.amazon.com/aws-backup/latest/devguide/whatisbackup.html,ok,bronze/02-biblioteca-servicios/05-docs/storage-backup/whatisbackup.html,bronze/02-biblioteca-servicios/05-docs/storage-backup/whatisbackup.md,2026-09-11T01:39:39+00:00
02-biblioteca-servicios,LIB-aws-backup-audit-manager,D1;D2;D4,Storage,AWS Backup,AWS Backup Audit Manager,https://docs.aws.amazon.com/aws-backup/latest/devguide/aws-backup-audit-manager.html,ok,bronze/02-biblioteca-servicios/05-docs/storage-backup/aws-backup-audit-manager.html,bronze/02-biblioteca-servicios/05-docs/storage-backup/aws-backup-audit-manager.md,2026-09-11T01:39:39+00:00
02-biblioteca-servicios,LIB-vaults,D1;D2;D4,Storage,AWS Backup,Backup vaults,https://docs.aws.amazon.com/aws-backup/latest/devguide/vaults.html,ok,bronze/02-biblioteca-servicios/05-docs/storage-backup/vaults.html,bronze/02-biblioteca-servicios/05-docs/storage-backup/vaults.md,2026-09-11T01:39:39+00:00
02-biblioteca-servicios,LIB-create-cross-account-backup,D1;D2;D4,Storage,AWS Backup,Cross-account backup,https://docs.aws.amazon.com/aws-backup/latest/devguide/create-cross-account-backup.html,ok,bronze/02-biblioteca-servicios/05-docs/storage-backup/create-cross-account-backup.html,bronze/02-biblioteca-servicios/05-docs/storage-backup/create-cross-account-backup.md,2026-09-11T01:39:39+00:00
02-biblioteca-servicios,LIB-about-backup-plans,D1;D2;D4,Storage,AWS Backup,Backup plans,https://docs.aws.amazon.com/aws-backup/latest/devguide/about-backup-plans.html,ok,bronze/02-biblioteca-servicios/05-docs/storage-backup/about-backup-plans.html,bronze/02-biblioteca-servicios/05-docs/storage-backup/about-backup-plans.md,2026-09-11T01:39:39+00:00
02-biblioteca-servicios,LIB-recov-point-create-on-demand-backup,D1;D2;D4,Storage,AWS Backup,On-demand backups,https://docs.aws.amazon.com/aws-backup/latest/devguide/recov-point-create-on-demand-backup.html,ok,bronze/02-biblioteca-servicios/05-docs/storage-backup/recov-point-create-on-demand-backup.html,bronze/02-biblioteca-servicios/05-docs/storage-backup/recov-point-create-on-demand-backup.md,2026-09-11T01:39:39+00:00
02-biblioteca-servicios,LIB-aws-backup,D1;D2;D4,Storage,AWS Backup,FAQ oficial,https://aws.amazon.com/backup/faqs/,ok,bronze/02-biblioteca-servicios/04-faqs/aws-backup.html,bronze/02-biblioteca-servicios/04-faqs/aws-backup.md,2026-09-11T01:39:40+00:00
02-biblioteca-servicios,LIB-glacier-storage-classes,D1;D2;D3;D4,Storage,Amazon S3,Amazon S3 Glacier storage classes,https://docs.aws.amazon.com/AmazonS3/latest/userguide/glacier-storage-classes.html,ok,bronze/02-biblioteca-servicios/05-docs/storage-s3/glacier-storage-classes.html,bronze/02-biblioteca-servicios/05-docs/storage-s3/glacier-storage-classes.md,2026-09-11T01:39:40+00:00
02-biblioteca-servicios,LIB-creatingmultiregionaccesspoints,D1;D2;D3;D4,Storage,Amazon S3,Creating Multi-Region Access Points,https://docs.aws.amazon.com/AmazonS3/latest/userguide/CreatingMultiRegionAccessPoints.html,ok,bronze/02-biblioteca-servicios/05-docs/storage-s3/creatingmultiregionaccesspoints.html,bronze/02-biblioteca-servicios/05-docs/storage-s3/creatingmultiregionaccesspoints.md,2026-09-11T01:39:40+00:00
02-biblioteca-servicios,LIB-mpu-abort-incomplete-mpu-lifecycle-config,D1;D2;D3;D4,Storage,Amazon S3,Configuring a lifecycle configuration to delete incomplete multipart uploads,https://docs.aws.amazon.com/AmazonS3/latest/userguide/mpu-abort-incomplete-mpu-lifecycle-config.html,ok,bronze/02-biblioteca-servicios/05-docs/storage-s3/mpu-abort-incomplete-mpu-lifecycle-config.html,bronze/02-biblioteca-servicios/05-docs/storage-s3/mpu-abort-incomplete-mpu-lifecycle-config.md,2026-09-11T01:39:40+00:00
02-biblioteca-servicios,LIB-serv-side-encryption,D1;D2;D3;D4,Storage,Amazon S3,Server-side encryption,https://docs.aws.amazon.com/AmazonS3/latest/userguide/serv-side-encryption.html,ok,bronze/02-biblioteca-servicios/05-docs/storage-s3/serv-side-encryption.html,bronze/02-biblioteca-servicios/05-docs/storage-s3/serv-side-encryption.md,2026-09-11T01:39:40+00:00
02-biblioteca-servicios,LIB-using-presigned-url,D1;D2;D3;D4,Storage,Amazon S3,Using presigned URLs to download and upload objects,https://docs.aws.amazon.com/AmazonS3/latest/userguide/using-presigned-url.html,ok,bronze/02-biblioteca-servicios/05-docs/storage-s3/using-presigned-url.html,bronze/02-biblioteca-servicios/05-docs/storage-s3/using-presigned-url.md,2026-09-11T01:39:40+00:00
02-biblioteca-servicios,LIB-versioning-workflows,D1;D2;D3;D4,Storage,Amazon S3,S3 Versioning,https://docs.aws.amazon.com/AmazonS3/latest/userguide/versioning-workflows.html,ok,bronze/02-biblioteca-servicios/05-docs/storage-s3/versioning-workflows.html,bronze/02-biblioteca-servicios/05-docs/storage-s3/versioning-workflows.md,2026-09-11T01:39:40+00:00
02-biblioteca-servicios,LIB-batch-ops-examples-copy,D1;D2;D3;D4,Storage,Amazon S3,Examples that use Batch Operations to copy objects,https://docs.aws.amazon.com/AmazonS3/latest/userguide/batch-ops-examples-copy.html,ok,bronze/02-biblioteca-servicios/05-docs/storage-s3/batch-ops-examples-copy.html,bronze/02-biblioteca-servicios/05-docs/storage-s3/batch-ops-examples-copy.md,2026-09-11T01:39:41+00:00
02-biblioteca-servicios,LIB-olap-create,D1;D2;D3;D4,Storage,Amazon S3,Creating Object Lambda Access Points,https://docs.aws.amazon.com/AmazonS3/latest/userguide/olap-create.html,ok,bronze/02-biblioteca-servicios/05-docs/storage-s3/olap-create.html,bronze/02-biblioteca-servicios/05-docs/storage-s3/olap-create.md,2026-09-11T01:39:41+00:00
02-biblioteca-servicios,LIB-amazon-s3,D1;D2;D3;D4,Storage,Amazon S3,FAQ oficial,https://aws.amazon.com/s3/faqs/,ok,bronze/02-biblioteca-servicios/04-faqs/amazon-s3.html,bronze/02-biblioteca-servicios/04-faqs/amazon-s3.md,2026-09-11T01:39:42+00:00
02-biblioteca-servicios,LIB-welcome,D2;D3;D4,Storage,AWS Storage Gateway,,https://docs.aws.amazon.com/storagegateway/latest/userguide/welcome.html,ok,bronze/02-biblioteca-servicios/05-docs/storage-gateway/welcome.html,,2026-09-11T01:39:45+00:00
02-biblioteca-servicios,LIB-aws-storage-gateway,D2;D3;D4,Storage,AWS Storage Gateway,FAQ oficial,https://aws.amazon.com/storagegateway/faqs/,ok,bronze/02-biblioteca-servicios/04-faqs/aws-storage-gateway.html,bronze/02-biblioteca-servicios/04-faqs/aws-storage-gateway.md,2026-09-11T01:39:46+00:00
02-biblioteca-servicios,LIB-service-names-policy,,,service-names-policy,AWS Service Names (política de nombres cortos),https://aws.amazon.com/certification/policies/general-information/,ok,,,2026-09-11T01:39:46+00:00
02-biblioteca-servicios,LIB-wa-on-architecture,,,wa-on-architecture,Well-Architected Framework — On architecture,https://docs.aws.amazon.com/wellarchitected/latest/framework/on-architecture.html,ok,,,2026-09-11T01:39:46+00:00
02-biblioteca-servicios,LIB-wa-oe-definition,,,wa-oe-definition,Well-Architected Framework — Definition,https://docs.aws.amazon.com/wellarchitected/latest/framework/oe-definition.html,ok,,,2026-09-11T01:39:46+00:00
02-biblioteca-servicios,LIB-wa-oe-evolve,,,wa-oe-evolve,Well-Architected Framework — Evolve,https://docs.aws.amazon.com/wellarchitected/latest/framework/oe-evolve.html,ok,,,2026-09-11T01:39:47+00:00
02-biblioteca-servicios,LIB-wa-sec-bp,,,wa-sec-bp,Well-Architected Framework — Best practices,https://docs.aws.amazon.com/wellarchitected/latest/framework/sec-bp.html,ok,,,2026-09-11T01:39:47+00:00
02-biblioteca-servicios,LIB-wa-sec-dataprot,,,wa-sec-dataprot,Well-Architected Framework — Data protection,https://docs.aws.amazon.com/wellarchitected/latest/framework/sec-dataprot.html,ok,,,2026-09-11T01:39:47+00:00
02-biblioteca-servicios,LIB-wa-rel-dp,,,wa-rel-dp,Well-Architected Framework — Design principles,https://docs.aws.amazon.com/wellarchitected/latest/framework/rel-dp.html,ok,,,2026-09-11T01:39:48+00:00
02-biblioteca-servicios,LIB-wa-rel-chg-mgmt,,,wa-rel-chg-mgmt,Well-Architected Framework — Change management,https://docs.aws.amazon.com/wellarchitected/latest/framework/rel-chg-mgmt.html,ok,,,2026-09-11T01:39:48+00:00
02-biblioteca-servicios,LIB-wa-perf-def,,,wa-perf-def,Well-Architected Framework — Definition,https://docs.aws.amazon.com/wellarchitected/latest/framework/perf-def.html,ok,,,2026-09-11T01:39:48+00:00
02-biblioteca-servicios,LIB-wa-perf-networking,,,wa-perf-networking,Well-Architected Framework — Networking and content delivery,https://docs.aws.amazon.com/wellarchitected/latest/framework/perf-networking.html,ok,,,2026-09-11T01:39:49+00:00
02-biblioteca-servicios,LIB-wa-cost-def,,,wa-cost-def,Well-Architected Framework — Definition,https://docs.aws.amazon.com/wellarchitected/latest/framework/cost-def.html,ok,,,2026-09-11T01:39:49+00:00
02-biblioteca-servicios,LIB-wa-cost-mandem,,,wa-cost-mandem,Well-Architected Framework — Manage demand and supply resources,https://docs.aws.amazon.com/wellarchitected/latest/framework/cost-mandem.html,ok,,,2026-09-11T01:39:49+00:00
02-biblioteca-servicios,LIB-wa-sus-def,,,wa-sus-def,Well-Architected Framework — Definition,https://docs.aws.amazon.com/wellarchitected/latest/framework/sus-def.html,ok,,,2026-09-11T01:39:49+00:00
02-biblioteca-servicios,LIB-wa-sus-data-patterns,,,wa-sus-data-patterns,Well-Architected Framework — Data management,https://docs.aws.amazon.com/wellarchitected/latest/framework/sus-data-patterns.html,ok,,,2026-09-11T01:39:50+00:00
02-biblioteca-servicios,LIB-wa-conclusion,,,wa-conclusion,Well-Architected Framework — Conclusion,https://docs.aws.amazon.com/wellarchitected/latest/framework/conclusion.html,ok,,,2026-09-11T01:39:50+00:00
02-biblioteca-servicios,LIB-wa-glossary,,,wa-glossary,Well-Architected Framework — AWS Glossary,https://docs.aws.amazon.com/wellarchitected/latest/framework/glossary.html,ok,,,2026-09-11T01:39:50+00:00
02-biblioteca-servicios,LIB-glue-etl-scala-apis-glue-util-job,D3,Analytics,AWS Glue,Job,https://docs.aws.amazon.com/glue/latest/dg/glue-etl-scala-apis-glue-util-job.html,ok,bronze/02-biblioteca-servicios/05-docs/analytics-glue/glue-etl-scala-apis-glue-util-job.html,bronze/02-biblioteca-servicios/05-docs/analytics-glue/glue-etl-scala-apis-glue-util-job.md,2026-09-11T01:38:30+00:00
02-biblioteca-servicios,LIB-add-crawler,D3,Analytics,AWS Glue,Using an AWS Glue crawler,https://docs.aws.amazon.com/glue/latest/dg/add-crawler.html,ok,bronze/02-biblioteca-servicios/05-docs/analytics-glue/add-crawler.html,bronze/02-biblioteca-servicios/05-docs/analytics-glue/add-crawler.md,2026-09-11T01:38:30+00:00
02-biblioteca-servicios,LIB-start-data-catalog,D3,Analytics,AWS Glue,Getting started with the AWS Glue Data Catalog,https://docs.aws.amazon.com/glue/latest/dg/start-data-catalog.html,ok,bronze/02-biblioteca-servicios/05-docs/analytics-glue/start-data-catalog.html,bronze/02-biblioteca-servicios/05-docs/analytics-glue/start-data-catalog.md,2026-09-11T01:38:30+00:00
02-biblioteca-servicios,LIB-getting-started-min-privs-job,D3,Analytics,AWS Glue,Review IAM permissions needed for ETL jobs,https://docs.aws.amazon.com/glue/latest/dg/getting-started-min-privs-job.html,ok,bronze/02-biblioteca-servicios/05-docs/analytics-glue/getting-started-min-privs-job.html,bronze/02-biblioteca-servicios/05-docs/analytics-glue/getting-started-min-privs-job.md,2026-09-11T01:38:30+00:00
02-biblioteca-servicios,LIB-monitor-continuations,D3,Analytics,AWS Glue,Tracking processed data using job bookmarks,https://docs.aws.amazon.com/glue/latest/dg/monitor-continuations.html,ok,bronze/02-biblioteca-servicios/05-docs/analytics-glue/monitor-continuations.html,bronze/02-biblioteca-servicios/05-docs/analytics-glue/monitor-continuations.md,2026-09-11T01:38:30+00:00
02-biblioteca-servicios,LIB-aws-glue,D3,Analytics,AWS Glue,FAQ oficial,https://aws.amazon.com/glue/faqs/,ok,bronze/02-biblioteca-servicios/04-faqs/aws-glue.html,bronze/02-biblioteca-servicios/04-faqs/aws-glue.md,2026-09-11T01:38:31+00:00
02-biblioteca-servicios,LIB-tutorial-stock-data-kplkcl2-producer,D2;D3,Analytics,Amazon Kinesis Data Streams,Implement the producer,https://docs.aws.amazon.com/streams/latest/dev/tutorial-stock-data-kplkcl2-producer.html,ok,bronze/02-biblioteca-servicios/05-docs/analytics-kinesis-streams/tutorial-stock-data-kplkcl2-producer.html,bronze/02-biblioteca-servicios/05-docs/analytics-kinesis-streams/tutorial-stock-data-kplkcl2-producer.md,2026-09-11T01:38:32+00:00
02-biblioteca-servicios,LIB-kinesis-extended-retention,D2;D3,Analytics,Amazon Kinesis Data Streams,Change the data retention period,https://docs.aws.amazon.com/streams/latest/dev/kinesis-extended-retention.html,ok,bronze/02-biblioteca-servicios/05-docs/analytics-kinesis-streams/kinesis-extended-retention.html,bronze/02-biblioteca-servicios/05-docs/analytics-kinesis-streams/kinesis-extended-retention.md,2026-09-11T01:38:32+00:00
02-biblioteca-servicios,LIB-kinesis-using-sdk-java-list-shards,D2;D3,Analytics,Amazon Kinesis Data Streams,List shards,https://docs.aws.amazon.com/streams/latest/dev/kinesis-using-sdk-java-list-shards.html,ok,bronze/02-biblioteca-servicios/05-docs/analytics-kinesis-streams/kinesis-using-sdk-java-list-shards.html,bronze/02-biblioteca-servicios/05-docs/analytics-kinesis-streams/kinesis-using-sdk-java-list-shards.md,2026-09-11T01:38:32+00:00
02-biblioteca-servicios,LIB-kinesis-fis-provisioned-throughput,D2;D3,Analytics,Amazon Kinesis Data Streams,Provisioned throughput exception errors,https://docs.aws.amazon.com/streams/latest/dev/kinesis-fis-provisioned-throughput.html,ok,bronze/02-biblioteca-servicios/05-docs/analytics-kinesis-streams/kinesis-fis-provisioned-throughput.html,bronze/02-biblioteca-servicios/05-docs/analytics-kinesis-streams/kinesis-fis-provisioned-throughput.md,2026-09-11T01:38:32+00:00
02-biblioteca-servicios,LIB-tutorial-stock-data-kplkcl2-consumer,D2;D3,Analytics,Amazon Kinesis Data Streams,Implement the consumer,https://docs.aws.amazon.com/streams/latest/dev/tutorial-stock-data-kplkcl2-consumer.html,ok,bronze/02-biblioteca-servicios/05-docs/analytics-kinesis-streams/tutorial-stock-data-kplkcl2-consumer.html,bronze/02-biblioteca-servicios/05-docs/analytics-kinesis-streams/tutorial-stock-data-kplkcl2-consumer.md,2026-09-11T01:38:32+00:00
02-biblioteca-servicios,LIB-amazon-kinesis-data-streams,D2;D3,Analytics,Amazon Kinesis Data Streams,FAQ oficial,https://aws.amazon.com/kinesis/data-streams/faqs/,ok,bronze/02-biblioteca-servicios/04-faqs/amazon-kinesis-data-streams.html,bronze/02-biblioteca-servicios/04-faqs/amazon-kinesis-data-streams.md,2026-09-11T01:38:33+00:00
02-biblioteca-servicios,LIB-eb-event-patterns,D2,Application Integration,Amazon EventBridge,Creating event patterns,https://docs.aws.amazon.com/eventbridge/latest/userguide/eb-event-patterns.html,ok,bronze/02-biblioteca-servicios/05-docs/integration-eventbridge/eb-event-patterns.html,bronze/02-biblioteca-servicios/05-docs/integration-eventbridge/eb-event-patterns.md,2026-09-11T01:38:34+00:00
02-biblioteca-servicios,LIB-eb-event-bus-example-policy-restrict-rule,D2,Application Integration,Amazon EventBridge,Send events from a specific rule cross-Region,https://docs.aws.amazon.com/eventbridge/latest/userguide/eb-event-bus-example-policy-restrict-rule.html,ok,bronze/02-biblioteca-servicios/05-docs/integration-eventbridge/eb-event-bus-example-policy-restrict-rule.html,bronze/02-biblioteca-servicios/05-docs/integration-eventbridge/eb-event-bus-example-policy-restrict-rule.md,2026-09-11T01:38:34+00:00
02-biblioteca-servicios,LIB-using-eventbridge-scheduler,D2,Application Integration,Amazon EventBridge,Scheduler,https://docs.aws.amazon.com/eventbridge/latest/userguide/using-eventbridge-scheduler.html,ok,bronze/02-biblioteca-servicios/05-docs/integration-eventbridge/using-eventbridge-scheduler.html,bronze/02-biblioteca-servicios/05-docs/integration-eventbridge/using-eventbridge-scheduler.md,2026-09-11T01:38:34+00:00
02-biblioteca-servicios,LIB-event-bus-rule-get-started,D2,Application Integration,Amazon EventBridge,Get started with event buses,https://docs.aws.amazon.com/eventbridge/latest/userguide/event-bus-rule-get-started.html,ok,bronze/02-biblioteca-servicios/05-docs/integration-eventbridge/event-bus-rule-get-started.html,bronze/02-biblioteca-servicios/05-docs/integration-eventbridge/event-bus-rule-get-started.md,2026-09-11T01:38:34+00:00
02-biblioteca-servicios,LIB-pipes-get-started,D2,Application Integration,Amazon EventBridge,Get started with pipes,https://docs.aws.amazon.com/eventbridge/latest/userguide/pipes-get-started.html,ok,bronze/02-biblioteca-servicios/05-docs/integration-eventbridge/pipes-get-started.html,bronze/02-biblioteca-servicios/05-docs/integration-eventbridge/pipes-get-started.md,2026-09-11T01:38:34+00:00
02-biblioteca-servicios,LIB-eb-archive,D2,Application Integration,Amazon EventBridge,Archive and replay,https://docs.aws.amazon.com/eventbridge/latest/userguide/eb-archive.html,ok,bronze/02-biblioteca-servicios/05-docs/integration-eventbridge/eb-archive.html,bronze/02-biblioteca-servicios/05-docs/integration-eventbridge/eb-archive.md,2026-09-11T01:38:34+00:00
02-biblioteca-servicios,LIB-amazon-eventbridge,D2,Application Integration,Amazon EventBridge,FAQ oficial,https://aws.amazon.com/eventbridge/faqs/,ok,bronze/02-biblioteca-servicios/04-faqs/amazon-eventbridge.html,bronze/02-biblioteca-servicios/04-faqs/amazon-eventbridge.md,2026-09-11T01:38:35+00:00
02-biblioteca-servicios,LIB-single-job-queue,D3,Compute,AWS Batch,Add the Single job queue widget,https://docs.aws.amazon.com/batch/latest/userguide/single-job-queue.html,ok,bronze/02-biblioteca-servicios/05-docs/compute-batch/single-job-queue.html,bronze/02-biblioteca-servicios/05-docs/compute-batch/single-job-queue.md,2026-09-11T01:38:36+00:00
02-biblioteca-servicios,LIB-compute-environments,D3,Compute,AWS Batch,Compute environments for AWS Batch,https://docs.aws.amazon.com/batch/latest/userguide/compute_environments.html,ok,bronze/02-biblioteca-servicios/05-docs/compute-batch/compute-environments.html,bronze/02-biblioteca-servicios/05-docs/compute-batch/compute-environments.md,2026-09-11T01:38:36+00:00
02-biblioteca-servicios,LIB-getting-started-fargate,D3,Compute,AWS Batch,Getting started with Fargate orchestration using the Wizard,https://docs.aws.amazon.com/batch/latest/userguide/getting-started-fargate.html,ok,bronze/02-biblioteca-servicios/05-docs/compute-batch/getting-started-fargate.html,bronze/02-biblioteca-servicios/05-docs/compute-batch/getting-started-fargate.md,2026-09-11T01:38:36+00:00
02-biblioteca-servicios,LIB-aws-batch,D3,Compute,AWS Batch,FAQ oficial,https://aws.amazon.com/batch/faqs/,ok,bronze/02-biblioteca-servicios/04-faqs/aws-batch.html,bronze/02-biblioteca-servicios/04-faqs/aws-batch.md,2026-09-11T01:38:36+00:00
02-biblioteca-servicios,LIB-cr-cpg,D1;D2;D3;D4,Compute,Amazon EC2,Use Capacity Reservations with placement groups,https://docs.aws.amazon.com/AWSEC2/latest/UserGuide/cr-cpg.html,ok,bronze/02-biblioteca-servicios/05-docs/compute-ec2/cr-cpg.html,bronze/02-biblioteca-servicios/05-docs/compute-ec2/cr-cpg.md,2026-09-11T01:38:37+00:00
02-biblioteca-servicios,LIB-dedicated-hosts-overview,D1;D2;D3;D4,Compute,Amazon EC2,Dedicated Hosts,https://docs.aws.amazon.com/AWSEC2/latest/UserGuide/dedicated-hosts-overview.html,ok,bronze/02-biblioteca-servicios/05-docs/compute-ec2/dedicated-hosts-overview.html,bronze/02-biblioteca-servicios/05-docs/compute-ec2/dedicated-hosts-overview.md,2026-09-11T01:38:37+00:00
02-biblioteca-servicios,LIB-ec2-reserved-instances,D1;D2;D3;D4,Compute,Amazon EC2,Reserved Instances,https://docs.aws.amazon.com/AWSEC2/latest/UserGuide/ec2-reserved-instances.html,ok,bronze/02-biblioteca-servicios/05-docs/compute-ec2/ec2-reserved-instances.html,bronze/02-biblioteca-servicios/05-docs/compute-ec2/ec2-reserved-instances.md,2026-09-11T01:38:37+00:00
02-biblioteca-servicios,LIB-ec2-launch-templates,D1;D2;D3;D4,Compute,Amazon EC2,Launch templates,https://docs.aws.amazon.com/AWSEC2/latest/UserGuide/ec2-launch-templates.html,ok,bronze/02-biblioteca-servicios/05-docs/compute-ec2/ec2-launch-templates.html,bronze/02-biblioteca-servicios/05-docs/compute-ec2/ec2-launch-templates.md,2026-09-11T01:38:37+00:00
02-biblioteca-servicios,LIB-ec2-instance-metadata,D1;D2;D3;D4,Compute,Amazon EC2,Instance metadata,https://docs.aws.amazon.com/AWSEC2/latest/UserGuide/ec2-instance-metadata.html,ok,bronze/02-biblioteca-servicios/05-docs/compute-ec2/ec2-instance-metadata.html,bronze/02-biblioteca-servicios/05-docs/compute-ec2/ec2-instance-metadata.md,2026-09-11T01:38:37+00:00
02-biblioteca-servicios,LIB-amazon-ec2,D1;D2;D3;D4,Compute,Amazon EC2,FAQ oficial,https://aws.amazon.com/ec2/faqs/,ok,bronze/02-biblioteca-servicios/04-faqs/amazon-ec2.html,bronze/02-biblioteca-servicios/04-faqs/amazon-ec2.md,2026-09-11T01:38:38+00:00
02-biblioteca-servicios,LIB-what-is-amazon-ec2-auto-scaling,D2;D3,Compute,Amazon EC2 Auto Scaling,What is Amazon EC2 Auto Scaling?,https://docs.aws.amazon.com/autoscaling/ec2/userguide/what-is-amazon-ec2-auto-scaling.html,ok,bronze/02-biblioteca-servicios/05-docs/compute-ec2-autoscaling/what-is-amazon-ec2-auto-scaling.html,bronze/02-biblioteca-servicios/05-docs/compute-ec2-autoscaling/what-is-amazon-ec2-auto-scaling.md,2026-09-11T01:38:38+00:00
02-biblioteca-servicios,LIB-launch-templates,D2;D3,Compute,Amazon EC2 Auto Scaling,Launch templates,https://docs.aws.amazon.com/autoscaling/ec2/userguide/launch-templates.html,ok,bronze/02-biblioteca-servicios/05-docs/compute-ec2-autoscaling/launch-templates.html,bronze/02-biblioteca-servicios/05-docs/compute-ec2-autoscaling/launch-templates.md,2026-09-11T01:38:38+00:00
02-biblioteca-servicios,LIB-ec2-auto-scaling-scheduled-scaling,D2;D3,Compute,Amazon EC2 Auto Scaling,Scheduled scaling,https://docs.aws.amazon.com/autoscaling/ec2/userguide/ec2-auto-scaling-scheduled-scaling.html,ok,bronze/02-biblioteca-servicios/05-docs/compute-ec2-autoscaling/ec2-auto-scaling-scheduled-scaling.html,bronze/02-biblioteca-servicios/05-docs/compute-ec2-autoscaling/ec2-auto-scaling-scheduled-scaling.md,2026-09-11T01:38:38+00:00
02-biblioteca-servicios,LIB-ec2-auto-scaling-scaling-cooldowns,D2;D3,Compute,Amazon EC2 Auto Scaling,Scaling cooldowns,https://docs.aws.amazon.com/autoscaling/ec2/userguide/ec2-auto-scaling-scaling-cooldowns.html,ok,bronze/02-biblioteca-servicios/05-docs/compute-ec2-autoscaling/ec2-auto-scaling-scaling-cooldowns.html,bronze/02-biblioteca-servicios/05-docs/compute-ec2-autoscaling/ec2-auto-scaling-scaling-cooldowns.md,2026-09-11T01:38:39+00:00
02-biblioteca-servicios,LIB-ec2-auto-scaling-predictive-scaling,D2;D3,Compute,Amazon EC2 Auto Scaling,Predictive scaling,https://docs.aws.amazon.com/autoscaling/ec2/userguide/ec2-auto-scaling-predictive-scaling.html,ok,bronze/02-biblioteca-servicios/05-docs/compute-ec2-autoscaling/ec2-auto-scaling-predictive-scaling.html,bronze/02-biblioteca-servicios/05-docs/compute-ec2-autoscaling/ec2-auto-scaling-predictive-scaling.md,2026-09-11T01:38:39+00:00
02-biblioteca-servicios,LIB-warm-pools-health-checks-monitor-view-status,D2;D3,Compute,Amazon EC2 Auto Scaling,View health check status,https://docs.aws.amazon.com/autoscaling/ec2/userguide/warm-pools-health-checks-monitor-view-status.html,ok,bronze/02-biblioteca-servicios/05-docs/compute-ec2-autoscaling/warm-pools-health-checks-monitor-view-status.html,bronze/02-biblioteca-servicios/05-docs/compute-ec2-autoscaling/warm-pools-health-checks-monitor-view-status.md,2026-09-11T01:38:39+00:00
02-biblioteca-servicios,LIB-step-scaling-create-scale-out-policy,D2;D3,Compute,Amazon EC2 Auto Scaling,Create a step scaling policy for scale out,https://docs.aws.amazon.com/autoscaling/ec2/userguide/step-scaling-create-scale-out-policy.html,ok,bronze/02-biblioteca-servicios/05-docs/compute-ec2-autoscaling/step-scaling-create-scale-out-policy.html,bronze/02-biblioteca-servicios/05-docs/compute-ec2-autoscaling/step-scaling-create-scale-out-policy.md,2026-09-11T01:38:39+00:00
02-biblioteca-servicios,LIB-asg-instance-refresh,D2;D3,Compute,Amazon EC2 Auto Scaling,Instance refresh,https://docs.aws.amazon.com/autoscaling/ec2/userguide/asg-instance-refresh.html,ok,bronze/02-biblioteca-servicios/05-docs/compute-ec2-autoscaling/asg-instance-refresh.html,bronze/02-biblioteca-servicios/05-docs/compute-ec2-autoscaling/asg-instance-refresh.md,2026-09-11T01:38:39+00:00
02-biblioteca-servicios,LIB-amazon-ec2-auto-scaling,D2;D3,Compute,Amazon EC2 Auto Scaling,FAQ oficial,https://aws.amazon.com/ec2/autoscaling/faqs/,ok,bronze/02-biblioteca-servicios/04-faqs/amazon-ec2-auto-scaling.html,bronze/02-biblioteca-servicios/04-faqs/amazon-ec2-auto-scaling.md,2026-09-11T01:38:39+00:00
02-biblioteca-servicios,LIB-outposts-requirements,D1;D2;D4,Compute,AWS Outposts,Requirements for Outposts racks,https://docs.aws.amazon.com/outposts/latest/userguide/outposts-requirements.html,ok,bronze/02-biblioteca-servicios/05-docs/compute-outposts/outposts-requirements.html,bronze/02-biblioteca-servicios/05-docs/compute-outposts/outposts-requirements.md,2026-09-11T01:38:40+00:00
02-biblioteca-servicios,LIB-aws-outposts,D1;D2;D4,Compute,AWS Outposts,FAQ oficial,https://aws.amazon.com/outposts/faqs/,ok,bronze/02-biblioteca-servicios/04-faqs/aws-outposts.html,bronze/02-biblioteca-servicios/04-faqs/aws-outposts.md,2026-09-11T01:38:41+00:00
02-biblioteca-servicios,LIB-vmware-cloud-on-aws,D2,Compute,VMware Cloud on AWS,FAQ oficial,https://aws.amazon.com/vmware/faqs/,failed,,,2026-09-11T01:38:41+00:00
02-biblioteca-servicios,LIB-pull-through-cache,D2,Containers,Amazon ECR,Sync an upstream registry,https://docs.aws.amazon.com/AmazonECR/latest/userguide/pull-through-cache.html,ok,bronze/02-biblioteca-servicios/05-docs/containers-ecr/pull-through-cache.html,bronze/02-biblioteca-servicios/05-docs/containers-ecr/pull-through-cache.md,2026-09-11T01:38:42+00:00
02-biblioteca-servicios,LIB-repository-create,D2,Containers,Amazon ECR,Creating a repository to store images,https://docs.aws.amazon.com/AmazonECR/latest/userguide/repository-create.html,ok,bronze/02-biblioteca-servicios/05-docs/containers-ecr/repository-create.html,bronze/02-biblioteca-servicios/05-docs/containers-ecr/repository-create.md,2026-09-11T01:38:42+00:00
02-biblioteca-servicios,LIB-lpp-creation,D2,Containers,Amazon ECR,Creating a lifecycle policy preview,https://docs.aws.amazon.com/AmazonECR/latest/userguide/lpp_creation.html,ok,bronze/02-biblioteca-servicios/05-docs/containers-ecr/lpp-creation.html,bronze/02-biblioteca-servicios/05-docs/containers-ecr/lpp-creation.md,2026-09-11T01:38:42+00:00
02-biblioteca-servicios,LIB-image-scanning-troubleshooting,D2,Containers,Amazon ECR,Troubleshooting image scanning,https://docs.aws.amazon.com/AmazonECR/latest/userguide/image-scanning-troubleshooting.html,ok,bronze/02-biblioteca-servicios/05-docs/containers-ecr/image-scanning-troubleshooting.html,bronze/02-biblioteca-servicios/05-docs/containers-ecr/image-scanning-troubleshooting.md,2026-09-11T01:38:42+00:00
02-biblioteca-servicios,LIB-amazon-ecr,D2,Containers,Amazon ECR,FAQ oficial,https://aws.amazon.com/ecr/faqs/,ok,bronze/02-biblioteca-servicios/04-faqs/amazon-ecr.html,bronze/02-biblioteca-servicios/04-faqs/amazon-ecr.md,2026-09-11T01:38:43+00:00
02-biblioteca-servicios,LIB-welcome,D2,Front-End Web and Mobile,Amazon Pinpoint,What is Amazon Pinpoint?,https://docs.aws.amazon.com/pinpoint/latest/developerguide/welcome.html,ok,bronze/02-biblioteca-servicios/05-docs/mobile-pinpoint/welcome.html,bronze/02-biblioteca-servicios/05-docs/mobile-pinpoint/welcome.md,2026-09-11T01:38:44+00:00
02-biblioteca-servicios,LIB-amazon-pinpoint,D2,Front-End Web and Mobile,Amazon Pinpoint,FAQ oficial,https://aws.amazon.com/pinpoint/faqs/,ok,bronze/02-biblioteca-servicios/04-faqs/amazon-pinpoint.html,bronze/02-biblioteca-servicios/04-faqs/amazon-pinpoint.md,2026-09-11T01:38:44+00:00
02-biblioteca-servicios,LIB-what-is,D2,Machine Learning,Amazon Polly,What Is Amazon Polly?,https://docs.aws.amazon.com/polly/latest/dg/what-is.html,ok,bronze/02-biblioteca-servicios/05-docs/ml-polly/what-is.html,bronze/02-biblioteca-servicios/05-docs/ml-polly/what-is.md,2026-09-11T01:38:45+00:00
02-biblioteca-servicios,LIB-amazon-polly,D2,Machine Learning,Amazon Polly,FAQ oficial,https://aws.amazon.com/polly/faqs/,ok,bronze/02-biblioteca-servicios/04-faqs/amazon-polly.html,bronze/02-biblioteca-servicios/04-faqs/amazon-polly.md,2026-09-11T01:38:46+00:00
02-biblioteca-servicios,LIB-cli-chap-welcome,D4,Management and Governance,AWS Command Line Interface,About the AWS CLI,https://docs.aws.amazon.com/cli/latest/userguide/cli-chap-welcome.html,ok,bronze/02-biblioteca-servicios/05-docs/mgmt-cli/cli-chap-welcome.html,bronze/02-biblioteca-servicios/05-docs/mgmt-cli/cli-chap-welcome.md,2026-09-11T01:38:46+00:00
02-biblioteca-servicios,LIB-aws-command-line-interface,D4,Management and Governance,AWS Command Line Interface,FAQ oficial,https://aws.amazon.com/cli/faqs/,failed,,,2026-09-11T01:38:48+00:00
02-biblioteca-servicios,LIB-welcome,D2,Management and Governance,AWS Proton,What is AWS Proton?,https://docs.aws.amazon.com/proton/latest/userguide/Welcome.html,ok,bronze/02-biblioteca-servicios/05-docs/mgmt-proton/welcome.html,bronze/02-biblioteca-servicios/05-docs/mgmt-proton/welcome.md,2026-09-11T01:38:49+00:00
02-biblioteca-servicios,LIB-aws-proton,D2,Management and Governance,AWS Proton,FAQ oficial,https://aws.amazon.com/proton/faqs/,ok,bronze/02-biblioteca-servicios/04-faqs/aws-proton.html,bronze/02-biblioteca-servicios/04-faqs/aws-proton.md,2026-09-11T01:38:50+00:00
02-biblioteca-servicios,LIB-aws-trusted-advisor,D4,Management and Governance,AWS Trusted Advisor,FAQ oficial,https://aws.amazon.com/premiumsupport/technology/trusted-advisor/faqs/,ok,bronze/02-biblioteca-servicios/04-faqs/aws-trusted-advisor.html,bronze/02-biblioteca-servicios/04-faqs/aws-trusted-advisor.md,2026-09-11T01:38:51+00:00
02-biblioteca-servicios,LIB-lenses,D2;D4,Management and Governance,AWS Well-Architected Tool,Lenses,https://docs.aws.amazon.com/wellarchitected/latest/userguide/lenses.html,ok,bronze/02-biblioteca-servicios/05-docs/mgmt-watool/lenses.html,bronze/02-biblioteca-servicios/05-docs/mgmt-watool/lenses.md,2026-09-11T01:38:52+00:00
02-biblioteca-servicios,LIB-workloads-report,D2;D4,Management and Governance,AWS Well-Architected Tool,Generate a workload report,https://docs.aws.amazon.com/wellarchitected/latest/userguide/workloads-report.html,ok,bronze/02-biblioteca-servicios/05-docs/mgmt-watool/workloads-report.html,bronze/02-biblioteca-servicios/05-docs/mgmt-watool/workloads-report.md,2026-09-11T01:38:52+00:00
02-biblioteca-servicios,LIB-define-workload,D2;D4,Management and Governance,AWS Well-Architected Tool,Defining a workload,https://docs.aws.amazon.com/wellarchitected/latest/userguide/define-workload.html,ok,bronze/02-biblioteca-servicios/05-docs/mgmt-watool/define-workload.html,bronze/02-biblioteca-servicios/05-docs/mgmt-watool/define-workload.md,2026-09-11T01:38:52+00:00
02-biblioteca-servicios,LIB-aws-well-architected-tool,D2;D4,Management and Governance,AWS Well-Architected Tool,FAQ oficial,https://aws.amazon.com/well-architected-tool/faqs/,ok,bronze/02-biblioteca-servicios/04-faqs/aws-well-architected-tool.html,,2026-09-11T01:38:52+00:00
02-biblioteca-servicios,LIB-chap-source-sqlserver-cdc,D2;D3,Migration and Transfer,AWS Database Migration Service,CDC for SQL Server as a Source,https://docs.aws.amazon.com/dms/latest/userguide/CHAP_Source.SQLServer.CDC.html,ok,bronze/02-biblioteca-servicios/05-docs/migration-dms/chap-source-sqlserver-cdc.html,bronze/02-biblioteca-servicios/05-docs/migration-dms/chap-source-sqlserver-cdc.md,2026-09-11T01:38:53+00:00
02-biblioteca-servicios,LIB-chap-introduction-sources,D2;D3,Migration and Transfer,AWS Database Migration Service,Sources,https://docs.aws.amazon.com/dms/latest/userguide/CHAP_Introduction.Sources.html,ok,bronze/02-biblioteca-servicios/05-docs/migration-dms/chap-introduction-sources.html,bronze/02-biblioteca-servicios/05-docs/migration-dms/chap-introduction-sources.md,2026-09-11T01:38:53+00:00
02-biblioteca-servicios,LIB-chap-task-cdc,D2;D3,Migration and Transfer,AWS Database Migration Service,Continuous replication tasks,https://docs.aws.amazon.com/dms/latest/userguide/CHAP_Task.CDC.html,ok,bronze/02-biblioteca-servicios/05-docs/migration-dms/chap-task-cdc.html,bronze/02-biblioteca-servicios/05-docs/migration-dms/chap-task-cdc.md,2026-09-11T01:38:53+00:00
02-biblioteca-servicios,LIB-chap-introduction-targets,D2;D3,Migration and Transfer,AWS Database Migration Service,Targets,https://docs.aws.amazon.com/dms/latest/userguide/CHAP_Introduction.Targets.html,ok,bronze/02-biblioteca-servicios/05-docs/migration-dms/chap-introduction-targets.html,bronze/02-biblioteca-servicios/05-docs/migration-dms/chap-introduction-targets.md,2026-09-11T01:38:53+00:00
02-biblioteca-servicios,LIB-aws-database-migration-service,D2;D3,Migration and Transfer,AWS Database Migration Service,FAQ oficial,https://aws.amazon.com/dms/faqs/,ok,bronze/02-biblioteca-servicios/04-faqs/aws-database-migration-service.html,bronze/02-biblioteca-servicios/04-faqs/aws-database-migration-service.md,2026-09-11T01:38:53+00:00
02-biblioteca-servicios,LIB-privatecontent,D1;D2;D3;D4,Networking and Content Delivery,Amazon CloudFront,Restrict content with signed URLs and signed cookies,https://docs.aws.amazon.com/AmazonCloudFront/latest/DeveloperGuide/PrivateContent.html,ok,bronze/02-biblioteca-servicios/05-docs/network-cloudfront/privatecontent.html,bronze/02-biblioteca-servicios/05-docs/network-cloudfront/privatecontent.md,2026-09-11T01:38:54+00:00
02-biblioteca-servicios,LIB-origin-shield,D1;D2;D3;D4,Networking and Content Delivery,Amazon CloudFront,Use Origin Shield,https://docs.aws.amazon.com/AmazonCloudFront/latest/DeveloperGuide/origin-shield.html,ok,bronze/02-biblioteca-servicios/05-docs/network-cloudfront/origin-shield.html,bronze/02-biblioteca-servicios/05-docs/network-cloudfront/origin-shield.md,2026-09-11T01:38:54+00:00
02-biblioteca-servicios,LIB-field-level-encryption,D1;D2;D3;D4,Networking and Content Delivery,Amazon CloudFront,Use field-level encryption to help protect sensitive data,https://docs.aws.amazon.com/AmazonCloudFront/latest/DeveloperGuide/field-level-encryption.html,ok,bronze/02-biblioteca-servicios/05-docs/network-cloudfront/field-level-encryption.html,bronze/02-biblioteca-servicios/05-docs/network-cloudfront/field-level-encryption.md,2026-09-11T01:38:54+00:00
02-biblioteca-servicios,LIB-downloaddistvaluesorigin,D1;D2;D3;D4,Networking and Content Delivery,Amazon CloudFront,Origin settings,https://docs.aws.amazon.com/AmazonCloudFront/latest/DeveloperGuide/DownloadDistValuesOrigin.html,ok,bronze/02-biblioteca-servicios/05-docs/network-cloudfront/downloaddistvaluesorigin.html,bronze/02-biblioteca-servicios/05-docs/network-cloudfront/downloaddistvaluesorigin.md,2026-09-11T01:38:54+00:00
02-biblioteca-servicios,LIB-downloaddistvaluescachebehavior,D1;D2;D3;D4,Networking and Content Delivery,Amazon CloudFront,Cache behavior settings,https://docs.aws.amazon.com/AmazonCloudFront/latest/DeveloperGuide/DownloadDistValuesCacheBehavior.html,ok,bronze/02-biblioteca-servicios/05-docs/network-cloudfront/downloaddistvaluescachebehavior.html,bronze/02-biblioteca-servicios/05-docs/network-cloudfront/downloaddistvaluescachebehavior.md,2026-09-11T01:38:54+00:00
02-biblioteca-servicios,LIB-gettingstarted-simpledistribution,D1;D2;D3;D4,Networking and Content Delivery,Amazon CloudFront,Get started with a standard distribution,https://docs.aws.amazon.com/AmazonCloudFront/latest/DeveloperGuide/GettingStarted.SimpleDistribution.html,ok,bronze/02-biblioteca-servicios/05-docs/network-cloudfront/gettingstarted-simpledistribution.html,bronze/02-biblioteca-servicios/05-docs/network-cloudfront/gettingstarted-simpledistribution.md,2026-09-11T01:38:54+00:00
02-biblioteca-servicios,LIB-cnames-and-https-requirements,D1;D2;D3;D4,Networking and Content Delivery,Amazon CloudFront,Requirements for using SSL/TLS certificates with CloudFront,https://docs.aws.amazon.com/AmazonCloudFront/latest/DeveloperGuide/cnames-and-https-requirements.html,ok,bronze/02-biblioteca-servicios/05-docs/network-cloudfront/cnames-and-https-requirements.html,bronze/02-biblioteca-servicios/05-docs/network-cloudfront/cnames-and-https-requirements.md,2026-09-11T01:38:54+00:00
02-biblioteca-servicios,LIB-edge-functions-choosing,D1;D2;D3;D4,Networking and Content Delivery,Amazon CloudFront,Differences between CloudFront Functions and Lambda@Edge,https://docs.aws.amazon.com/AmazonCloudFront/latest/DeveloperGuide/edge-functions-choosing.html,ok,bronze/02-biblioteca-servicios/05-docs/network-cloudfront/edge-functions-choosing.html,bronze/02-biblioteca-servicios/05-docs/network-cloudfront/edge-functions-choosing.md,2026-09-11T01:38:55+00:00
02-biblioteca-servicios,LIB-amazon-cloudfront,D1;D2;D3;D4,Networking and Content Delivery,Amazon CloudFront,FAQ oficial,https://aws.amazon.com/cloudfront/faqs/,ok,bronze/02-biblioteca-servicios/04-faqs/amazon-cloudfront.html,bronze/02-biblioteca-servicios/04-faqs/amazon-cloudfront.md,2026-09-11T01:38:56+00:00
02-biblioteca-servicios,LIB-acccept-tgw-attach,D3;D4,Networking and Content Delivery,AWS Transit Gateway,Accept a shared attachment,https://docs.aws.amazon.com/vpc/latest/tgw/acccept-tgw-attach.html,ok,bronze/02-biblioteca-servicios/05-docs/network-tgw/acccept-tgw-attach.html,bronze/02-biblioteca-servicios/05-docs/network-tgw/acccept-tgw-attach.md,2026-09-11T01:38:57+00:00
02-biblioteca-servicios,LIB-tgw-peering-add-route,D3;D4,Networking and Content Delivery,AWS Transit Gateway,Add a route to a transit gateway route table,https://docs.aws.amazon.com/vpc/latest/tgw/tgw-peering-add-route.html,ok,bronze/02-biblioteca-servicios/05-docs/network-tgw/tgw-peering-add-route.html,bronze/02-biblioteca-servicios/05-docs/network-tgw/tgw-peering-add-route.md,2026-09-11T01:38:57+00:00
02-biblioteca-servicios,LIB-how-transit-gateways-work,D3;D4,Networking and Content Delivery,AWS Transit Gateway,How transit gateways work,https://docs.aws.amazon.com/vpc/latest/tgw/how-transit-gateways-work.html,ok,bronze/02-biblioteca-servicios/05-docs/network-tgw/how-transit-gateways-work.html,bronze/02-biblioteca-servicios/05-docs/network-tgw/how-transit-gateways-work.md,2026-09-11T01:38:57+00:00
02-biblioteca-servicios,LIB-tgw-multicast-overview,D3;D4,Networking and Content Delivery,AWS Transit Gateway,Multicast on transit gateways,https://docs.aws.amazon.com/vpc/latest/tgw/tgw-multicast-overview.html,ok,bronze/02-biblioteca-servicios/05-docs/network-tgw/tgw-multicast-overview.html,bronze/02-biblioteca-servicios/05-docs/network-tgw/tgw-multicast-overview.md,2026-09-11T01:38:57+00:00
02-biblioteca-servicios,LIB-tgw-vpn-attachments,D3;D4,Networking and Content Delivery,AWS Transit Gateway,VPN attachments,https://docs.aws.amazon.com/vpc/latest/tgw/tgw-vpn-attachments.html,ok,bronze/02-biblioteca-servicios/05-docs/network-tgw/tgw-vpn-attachments.html,bronze/02-biblioteca-servicios/05-docs/network-tgw/tgw-vpn-attachments.md,2026-09-11T01:38:57+00:00
02-biblioteca-servicios,LIB-tgw-peering,D3;D4,Networking and Content Delivery,AWS Transit Gateway,Peering attachments,https://docs.aws.amazon.com/vpc/latest/tgw/tgw-peering.html,ok,bronze/02-biblioteca-servicios/05-docs/network-tgw/tgw-peering.html,bronze/02-biblioteca-servicios/05-docs/network-tgw/tgw-peering.md,2026-09-11T01:38:57+00:00
02-biblioteca-servicios,LIB-aws-transit-gateway,D3;D4,Networking and Content Delivery,AWS Transit Gateway,FAQ oficial,https://aws.amazon.com/transit-gateway/faqs/,ok,bronze/02-biblioteca-servicios/04-faqs/aws-transit-gateway.html,bronze/02-biblioteca-servicios/04-faqs/aws-transit-gateway.md,2026-09-11T01:38:57+00:00
02-biblioteca-servicios,LIB-downloading-documents,D1,"Security, Identity, and Compliance",AWS Artifact,Downloading reports,https://docs.aws.amazon.com/artifact/latest/ug/downloading-documents.html,ok,bronze/02-biblioteca-servicios/05-docs/security-artifact/downloading-documents.html,bronze/02-biblioteca-servicios/05-docs/security-artifact/downloading-documents.md,2026-09-11T01:38:58+00:00
02-biblioteca-servicios,LIB-managing-agreements,D1,"Security, Identity, and Compliance",AWS Artifact,Managing agreements,https://docs.aws.amazon.com/artifact/latest/ug/managing-agreements.html,ok,bronze/02-biblioteca-servicios/05-docs/security-artifact/managing-agreements.html,bronze/02-biblioteca-servicios/05-docs/security-artifact/managing-agreements.md,2026-09-11T01:38:58+00:00
02-biblioteca-servicios,LIB-aws-artifact,D1,"Security, Identity, and Compliance",AWS Artifact,FAQ oficial,https://aws.amazon.com/artifact/faqs/,failed,,,2026-09-11T01:39:00+00:00
02-biblioteca-servicios,LIB-examples-of-controls,D1,"Security, Identity, and Compliance",AWS Audit Manager,Examples of controls,https://docs.aws.amazon.com/audit-manager/latest/userguide/examples-of-controls.html,ok,bronze/02-biblioteca-servicios/05-docs/security-auditmanager/examples-of-controls.html,bronze/02-biblioteca-servicios/05-docs/security-auditmanager/examples-of-controls.md,2026-09-11T01:39:01+00:00
02-biblioteca-servicios,LIB-framework-overviews,D1,"Security, Identity, and Compliance",AWS Audit Manager,Supported frameworks,https://docs.aws.amazon.com/audit-manager/latest/userguide/framework-overviews.html,ok,bronze/02-biblioteca-servicios/05-docs/security-auditmanager/framework-overviews.html,bronze/02-biblioteca-servicios/05-docs/security-auditmanager/framework-overviews.md,2026-09-11T01:39:01+00:00
02-biblioteca-servicios,LIB-what-is,D1,"Security, Identity, and Compliance",AWS Audit Manager,What is AWS Audit Manager?,https://docs.aws.amazon.com/audit-manager/latest/userguide/what-is.html,ok,bronze/02-biblioteca-servicios/05-docs/security-auditmanager/what-is.html,bronze/02-biblioteca-servicios/05-docs/security-auditmanager/what-is.md,2026-09-11T01:39:01+00:00
02-biblioteca-servicios,LIB-tutorial-for-audit-owners,D1,"Security, Identity, and Compliance",AWS Audit Manager,Tutorial for Audit Owners: Creating an assessment,https://docs.aws.amazon.com/audit-manager/latest/userguide/tutorial-for-audit-owners.html,ok,bronze/02-biblioteca-servicios/05-docs/security-auditmanager/tutorial-for-audit-owners.html,bronze/02-biblioteca-servicios/05-docs/security-auditmanager/tutorial-for-audit-owners.md,2026-09-11T01:39:01+00:00
02-biblioteca-servicios,LIB-aws-audit-manager,D1,"Security, Identity, and Compliance",AWS Audit Manager,FAQ oficial,https://aws.amazon.com/audit-manager/faqs/,ok,bronze/02-biblioteca-servicios/04-faqs/aws-audit-manager.html,bronze/02-biblioteca-servicios/04-faqs/aws-audit-manager.md,2026-09-11T01:39:02+00:00
02-biblioteca-servicios,LIB-directory-ad-connector,D1,"Security, Identity, and Compliance",AWS Directory Service,AD Connector,https://docs.aws.amazon.com/directoryservice/latest/admin-guide/directory_ad_connector.html,ok,bronze/02-biblioteca-servicios/05-docs/security-directory/directory-ad-connector.html,bronze/02-biblioteca-servicios/05-docs/security-directory/directory-ad-connector.md,2026-09-11T01:39:03+00:00
02-biblioteca-servicios,LIB-directory-simple-ad,D1,"Security, Identity, and Compliance",AWS Directory Service,Simple AD,https://docs.aws.amazon.com/directoryservice/latest/admin-guide/directory_simple_ad.html,ok,bronze/02-biblioteca-servicios/05-docs/security-directory/directory-simple-ad.html,bronze/02-biblioteca-servicios/05-docs/security-directory/directory-simple-ad.md,2026-09-11T01:39:03+00:00
02-biblioteca-servicios,LIB-directory-microsoft-ad,D1,"Security, Identity, and Compliance",AWS Directory Service,AWS Managed Microsoft AD,https://docs.aws.amazon.com/directoryservice/latest/admin-guide/directory_microsoft_ad.html,ok,bronze/02-biblioteca-servicios/05-docs/security-directory/directory-microsoft-ad.html,bronze/02-biblioteca-servicios/05-docs/security-directory/directory-microsoft-ad.md,2026-09-11T01:39:03+00:00
02-biblioteca-servicios,LIB-edit-trust,D1,"Security, Identity, and Compliance",AWS Directory Service,Editing the trust relationship for an existing role,https://docs.aws.amazon.com/directoryservice/latest/admin-guide/edit_trust.html,ok,bronze/02-biblioteca-servicios/05-docs/security-directory/edit-trust.html,bronze/02-biblioteca-servicios/05-docs/security-directory/edit-trust.md,2026-09-11T01:39:03+00:00
02-biblioteca-servicios,LIB-aws-directory-service,D1,"Security, Identity, and Compliance",AWS Directory Service,FAQ oficial,https://aws.amazon.com/directoryservice/faqs/,ok,bronze/02-biblioteca-servicios/04-faqs/aws-directory-service.html,bronze/02-biblioteca-servicios/04-faqs/aws-directory-service.md,2026-09-11T01:39:03+00:00
02-biblioteca-servicios,LIB-firewall-rules-engines,D1,"Security, Identity, and Compliance",AWS Network Firewall,Stateless and stateful rules engines,https://docs.aws.amazon.com/network-firewall/latest/developerguide/firewall-rules-engines.html,ok,bronze/02-biblioteca-servicios/05-docs/security-networkfirewall/firewall-rules-engines.html,bronze/02-biblioteca-servicios/05-docs/security-networkfirewall/firewall-rules-engines.md,2026-09-11T01:39:04+00:00
02-biblioteca-servicios,LIB-stateless-rule-groups-standard,D1,"Security, Identity, and Compliance",AWS Network Firewall,Working with stateless rule groups,https://docs.aws.amazon.com/network-firewall/latest/developerguide/stateless-rule-groups-standard.html,ok,bronze/02-biblioteca-servicios/05-docs/security-networkfirewall/stateless-rule-groups-standard.html,bronze/02-biblioteca-servicios/05-docs/security-networkfirewall/stateless-rule-groups-standard.md,2026-09-11T01:39:04+00:00
02-biblioteca-servicios,LIB-firewall-policy-settings,D1,"Security, Identity, and Compliance",AWS Network Firewall,Firewall policy settings,https://docs.aws.amazon.com/network-firewall/latest/developerguide/firewall-policy-settings.html,ok,bronze/02-biblioteca-servicios/05-docs/security-networkfirewall/firewall-policy-settings.html,bronze/02-biblioteca-servicios/05-docs/security-networkfirewall/firewall-policy-settings.md,2026-09-11T01:39:04+00:00
02-biblioteca-servicios,LIB-stateful-rule-groups-suricata,D1,"Security, Identity, and Compliance",AWS Network Firewall,Suricata compatible rule strings,https://docs.aws.amazon.com/network-firewall/latest/developerguide/stateful-rule-groups-suricata.html,ok,bronze/02-biblioteca-servicios/05-docs/security-networkfirewall/stateful-rule-groups-suricata.html,bronze/02-biblioteca-servicios/05-docs/security-networkfirewall/stateful-rule-groups-suricata.md,2026-09-11T01:39:04+00:00
02-biblioteca-servicios,LIB-rule-groups,D1,"Security, Identity, and Compliance",AWS Network Firewall,Managing your rule groups,https://docs.aws.amazon.com/network-firewall/latest/developerguide/rule-groups.html,ok,bronze/02-biblioteca-servicios/05-docs/security-networkfirewall/rule-groups.html,bronze/02-biblioteca-servicios/05-docs/security-networkfirewall/rule-groups.md,2026-09-11T01:39:04+00:00
02-biblioteca-servicios,LIB-aws-network-firewall,D1,"Security, Identity, and Compliance",AWS Network Firewall,FAQ oficial,https://aws.amazon.com/network-firewall/faqs/,ok,bronze/02-biblioteca-servicios/04-faqs/aws-network-firewall.html,bronze/02-biblioteca-servicios/04-faqs/aws-network-firewall.md,2026-09-11T01:39:05+00:00
02-biblioteca-servicios,LIB-what-are-securityhub-services,D1,"Security, Identity, and Compliance",AWS Security Hub,What are Security Hub and Security Hub CSPM?,https://docs.aws.amazon.com/securityhub/latest/userguide/what-are-securityhub-services.html,ok,bronze/02-biblioteca-servicios/05-docs/security-securityhub/what-are-securityhub-services.html,bronze/02-biblioteca-servicios/05-docs/security-securityhub/what-are-securityhub-services.md,2026-09-11T01:39:05+00:00
02-biblioteca-servicios,LIB-securityhub-insights,D1,"Security, Identity, and Compliance",AWS Security Hub,Insights,https://docs.aws.amazon.com/securityhub/latest/userguide/securityhub-insights.html,ok,bronze/02-biblioteca-servicios/05-docs/security-securityhub/securityhub-insights.html,bronze/02-biblioteca-servicios/05-docs/security-securityhub/securityhub-insights.md,2026-09-11T01:39:06+00:00
02-biblioteca-servicios,LIB-standards-view-manage,D1,"Security, Identity, and Compliance",AWS Security Hub,Standards,https://docs.aws.amazon.com/securityhub/latest/userguide/standards-view-manage.html,ok,bronze/02-biblioteca-servicios/05-docs/security-securityhub/standards-view-manage.html,bronze/02-biblioteca-servicios/05-docs/security-securityhub/standards-view-manage.md,2026-09-11T01:39:06+00:00
02-biblioteca-servicios,LIB-service-managed-standard-aws-control-tower,D1,"Security, Identity, and Compliance",AWS Security Hub,Service-Managed Standard: AWS Control Tower,https://docs.aws.amazon.com/securityhub/latest/userguide/service-managed-standard-aws-control-tower.html,ok,bronze/02-biblioteca-servicios/05-docs/security-securityhub/service-managed-standard-aws-control-tower.html,bronze/02-biblioteca-servicios/05-docs/security-securityhub/service-managed-standard-aws-control-tower.md,2026-09-11T01:39:06+00:00
02-biblioteca-servicios,LIB-aws-security-hub,D1,"Security, Identity, and Compliance",AWS Security Hub,FAQ oficial,https://aws.amazon.com/security-hub/faqs/,ok,bronze/02-biblioteca-servicios/04-faqs/aws-security-hub.html,bronze/02-biblioteca-servicios/04-faqs/aws-security-hub.md,2026-09-11T01:39:06+00:00
02-biblioteca-servicios,LIB-configuration-envvars,D1;D2;D3;D4,Serverless,AWS Lambda,Environment variables,https://docs.aws.amazon.com/lambda/latest/dg/configuration-envvars.html,ok,bronze/02-biblioteca-servicios/05-docs/serverless-lambda/configuration-envvars.html,bronze/02-biblioteca-servicios/05-docs/serverless-lambda/configuration-envvars.md,2026-09-11T01:39:07+00:00
02-biblioteca-servicios,LIB-lambda-managed-instances-quotas,D1;D2;D3;D4,Serverless,AWS Lambda,Quotas,https://docs.aws.amazon.com/lambda/latest/dg/lambda-managed-instances-quotas.html,ok,bronze/02-biblioteca-servicios/05-docs/serverless-lambda/lambda-managed-instances-quotas.html,bronze/02-biblioteca-servicios/05-docs/serverless-lambda/lambda-managed-instances-quotas.md,2026-09-11T01:39:07+00:00
02-biblioteca-servicios,LIB-configuration-aliases,D1;D2;D3;D4,Serverless,AWS Lambda,Aliases,https://docs.aws.amazon.com/lambda/latest/dg/configuration-aliases.html,ok,bronze/02-biblioteca-servicios/05-docs/serverless-lambda/configuration-aliases.html,bronze/02-biblioteca-servicios/05-docs/serverless-lambda/configuration-aliases.md,2026-09-11T01:39:07+00:00
02-biblioteca-servicios,LIB-runtimes-update,D1;D2;D3;D4,Serverless,AWS Lambda,Runtime version updates,https://docs.aws.amazon.com/lambda/latest/dg/runtimes-update.html,ok,bronze/02-biblioteca-servicios/05-docs/serverless-lambda/runtimes-update.html,bronze/02-biblioteca-servicios/05-docs/serverless-lambda/runtimes-update.md,2026-09-11T01:39:07+00:00
02-biblioteca-servicios,LIB-lambda-extensions,D1;D2;D3;D4,Serverless,AWS Lambda,Extensions,https://docs.aws.amazon.com/lambda/latest/dg/lambda-extensions.html,ok,bronze/02-biblioteca-servicios/05-docs/serverless-lambda/lambda-extensions.html,bronze/02-biblioteca-servicios/05-docs/serverless-lambda/lambda-extensions.md,2026-09-11T01:39:07+00:00
02-biblioteca-servicios,LIB-provisioned-concurrency,D1;D2;D3;D4,Serverless,AWS Lambda,Configuring provisioned concurrency,https://docs.aws.amazon.com/lambda/latest/dg/provisioned-concurrency.html,ok,bronze/02-biblioteca-servicios/05-docs/serverless-lambda/provisioned-concurrency.html,bronze/02-biblioteca-servicios/05-docs/serverless-lambda/provisioned-concurrency.md,2026-09-11T01:39:07+00:00
02-biblioteca-servicios,LIB-snapstart,D1;D2;D3;D4,Serverless,AWS Lambda,SnapStart,https://docs.aws.amazon.com/lambda/latest/dg/snapstart.html,ok,bronze/02-biblioteca-servicios/05-docs/serverless-lambda/snapstart.html,bronze/02-biblioteca-servicios/05-docs/serverless-lambda/snapstart.md,2026-09-11T01:39:07+00:00
02-biblioteca-servicios,LIB-nodejs-layers,D1;D2;D3;D4,Serverless,AWS Lambda,Layers,https://docs.aws.amazon.com/lambda/latest/dg/nodejs-layers.html,ok,bronze/02-biblioteca-servicios/05-docs/serverless-lambda/nodejs-layers.html,bronze/02-biblioteca-servicios/05-docs/serverless-lambda/nodejs-layers.md,2026-09-11T01:39:07+00:00
02-biblioteca-servicios,LIB-lambda-runtimes,D1;D2;D3;D4,Serverless,AWS Lambda,Runtimes,https://docs.aws.amazon.com/lambda/latest/dg/lambda-runtimes.html,ok,bronze/02-biblioteca-servicios/05-docs/serverless-lambda/lambda-runtimes.html,bronze/02-biblioteca-servicios/05-docs/serverless-lambda/lambda-runtimes.md,2026-09-11T01:39:07+00:00
02-biblioteca-servicios,LIB-configuration-concurrency,D1;D2;D3;D4,Serverless,AWS Lambda,Configuring reserved concurrency,https://docs.aws.amazon.com/lambda/latest/dg/configuration-concurrency.html,ok,bronze/02-biblioteca-servicios/05-docs/serverless-lambda/configuration-concurrency.html,bronze/02-biblioteca-servicios/05-docs/serverless-lambda/configuration-concurrency.md,2026-09-11T01:39:07+00:00
02-biblioteca-servicios,LIB-troubleshooting-invocation,D1;D2;D3;D4,Serverless,AWS Lambda,Invocation,https://docs.aws.amazon.com/lambda/latest/dg/troubleshooting-invocation.html,ok,bronze/02-biblioteca-servicios/05-docs/serverless-lambda/troubleshooting-invocation.html,bronze/02-biblioteca-servicios/05-docs/serverless-lambda/troubleshooting-invocation.md,2026-09-11T01:39:07+00:00
02-biblioteca-servicios,LIB-aws-lambda,D1;D2;D3;D4,Serverless,AWS Lambda,FAQ oficial,https://aws.amazon.com/lambda/faqs/,ok,bronze/02-biblioteca-servicios/04-faqs/aws-lambda.html,bronze/02-biblioteca-servicios/04-faqs/aws-lambda.md,2026-09-11T01:39:08+00:00
02-biblioteca-servicios,LIB-accessing-fs,D2;D3;D4,Storage,Amazon Elastic File System (EFS),Managing mount targets,https://docs.aws.amazon.com/efs/latest/ug/accessing-fs.html,ok,bronze/02-biblioteca-servicios/05-docs/storage-efs/accessing-fs.html,bronze/02-biblioteca-servicios/05-docs/storage-efs/accessing-fs.md,2026-09-11T01:39:09+00:00
02-biblioteca-servicios,LIB-mounting-one-zone,D2;D3;D4,Storage,Amazon Elastic File System (EFS),Mounting One Zone file systems,https://docs.aws.amazon.com/efs/latest/ug/mounting-one-zone.html,ok,bronze/02-biblioteca-servicios/05-docs/storage-efs/mounting-one-zone.html,bronze/02-biblioteca-servicios/05-docs/storage-efs/mounting-one-zone.md,2026-09-11T01:39:09+00:00
02-biblioteca-servicios,LIB-view-storage-class-size,D2;D3;D4,Storage,Amazon Elastic File System (EFS),Viewing storage class size,https://docs.aws.amazon.com/efs/latest/ug/view-storage-class-size.html,ok,bronze/02-biblioteca-servicios/05-docs/storage-efs/view-storage-class-size.html,bronze/02-biblioteca-servicios/05-docs/storage-efs/view-storage-class-size.md,2026-09-11T01:39:09+00:00
02-biblioteca-servicios,LIB-create-access-point,D2;D3;D4,Storage,Amazon Elastic File System (EFS),Creating access points,https://docs.aws.amazon.com/efs/latest/ug/create-access-point.html,ok,bronze/02-biblioteca-servicios/05-docs/storage-efs/create-access-point.html,bronze/02-biblioteca-servicios/05-docs/storage-efs/create-access-point.md,2026-09-11T01:39:09+00:00
02-biblioteca-servicios,LIB-amazon-elastic-file-system-efs,D2;D3;D4,Storage,Amazon Elastic File System (EFS),FAQ oficial,https://aws.amazon.com/efs/faqs/,failed,,,2026-09-11T01:39:11+00:00
02-biblioteca-servicios,LIB-exam-sample-questions,,,exam-sample-questions,SAA-C03 Sample Questions (PDF),https://d1.awsstatic.com/training-and-certification/docs-sa-assoc/AWS-Certified-Solutions-Architect-Associate_Sample-Questions.pdf,ok-existing,,,2026-09-11T01:39:11+00:00
02-biblioteca-servicios,LIB-sg-solutions-architect-associate-03-domain1,,,sg-solutions-architect-associate-03-domain1,Content Domain 1: Design Secure Architectures,https://docs.aws.amazon.com/aws-certification/latest/solutions-architect-associate-03/solutions-architect-associate-03-domain1.html,ok-existing,,,2026-09-11T01:39:11+00:00
02-biblioteca-servicios,LIB-sg-saa-03-in-scope-services,,,sg-saa-03-in-scope-services,In-Scope AWS Services,https://docs.aws.amazon.com/aws-certification/latest/solutions-architect-associate-03/saa-03-in-scope-services.html,ok-existing,,,2026-09-11T01:39:11+00:00
02-biblioteca-servicios,LIB-wa-framework-pdf,,,wa-framework-pdf,AWS Well-Architected Framework (PDF completo),https://docs.aws.amazon.com/pdfs/wellarchitected/latest/framework/wellarchitected-framework.pdf,ok,,,2026-09-11T01:39:13+00:00
02-biblioteca-servicios,LIB-shared-responsibility,,,shared-responsibility,AWS Shared Responsibility Model,https://aws.amazon.com/compliance/shared-responsibility-model/,ok,,,2026-09-11T01:39:14+00:00
02-biblioteca-servicios,LIB-wa-the-pillars-of-the-framework,,,wa-the-pillars-of-the-framework,Well-Architected Framework — The pillars of the framework,https://docs.aws.amazon.com/wellarchitected/latest/framework/the-pillars-of-the-framework.html,ok,,,2026-09-11T01:39:14+00:00
02-biblioteca-servicios,LIB-wa-oe-organization,,,wa-oe-organization,Well-Architected Framework — Organization,https://docs.aws.amazon.com/wellarchitected/latest/framework/oe-organization.html,ok,,,2026-09-11T01:39:14+00:00
02-biblioteca-servicios,LIB-wa-sec-iam,,,wa-sec-iam,Well-Architected Framework — Identity and access management,https://docs.aws.amazon.com/wellarchitected/latest/framework/sec-iam.html,ok,,,2026-09-11T01:39:15+00:00
02-biblioteca-servicios,LIB-wa-sec-appsec,,,wa-sec-appsec,Well-Architected Framework — Application security,https://docs.aws.amazon.com/wellarchitected/latest/framework/sec-appsec.html,ok,,,2026-09-11T01:39:15+00:00
02-biblioteca-servicios,LIB-wa-rel-bp,,,wa-rel-bp,Well-Architected Framework — Best practices,https://docs.aws.amazon.com/wellarchitected/latest/framework/rel-bp.html,ok,,,2026-09-11T01:39:15+00:00
02-biblioteca-servicios,LIB-wa-rel-resources,,,wa-rel-resources,Well-Architected Framework — Resources,https://docs.aws.amazon.com/wellarchitected/latest/framework/rel-resources.html,ok,,,2026-09-11T01:39:16+00:00
02-biblioteca-servicios,LIB-wa-perf-arch,,,wa-perf-arch,Well-Architected Framework — Architecture selection,https://docs.aws.amazon.com/wellarchitected/latest/framework/perf-arch.html,ok,,,2026-09-11T01:39:16+00:00
02-biblioteca-servicios,LIB-wa-perf-resources,,,wa-perf-resources,Well-Architected Framework — Resources,https://docs.aws.amazon.com/wellarchitected/latest/framework/perf-resources.html,ok,,,2026-09-11T01:39:16+00:00
02-biblioteca-servicios,LIB-wa-cost-cfm,,,wa-cost-cfm,Well-Architected Framework — Practice Cloud Financial Management,https://docs.aws.amazon.com/wellarchitected/latest/framework/cost-cfm.html,ok,,,2026-09-11T01:39:17+00:00
02-biblioteca-servicios,LIB-wa-cost-resources,,,wa-cost-resources,Well-Architected Framework — Resources,https://docs.aws.amazon.com/wellarchitected/latest/framework/cost-resources.html,ok,,,2026-09-11T01:39:17+00:00
02-biblioteca-servicios,LIB-wa-sus-region-selection,,,wa-sus-region-selection,Well-Architected Framework — Region selection,https://docs.aws.amazon.com/wellarchitected/latest/framework/sus-region-selection.html,ok,,,2026-09-11T01:39:17+00:00
02-biblioteca-servicios,LIB-wa-sus-development-deployment-patterns,,,wa-sus-development-deployment-patterns,Well-Architected Framework — Process and culture,https://docs.aws.amazon.com/wellarchitected/latest/framework/sus-development-deployment-patterns.html,ok,,,2026-09-11T01:39:18+00:00
02-biblioteca-servicios,LIB-wa-further-reading,,,wa-further-reading,Well-Architected Framework — Further reading,https://docs.aws.amazon.com/wellarchitected/latest/framework/further-reading.html,ok,,,2026-09-11T01:39:18+00:00
02-biblioteca-servicios,LIB-what-is,D3,Analytics,AWS Data Exchange,What is AWS Data Exchange?,https://docs.aws.amazon.com/data-exchange/latest/userguide/what-is.html,ok,bronze/02-biblioteca-servicios/05-docs/analytics-data-exchange/what-is.html,bronze/02-biblioteca-servicios/05-docs/analytics-data-exchange/what-is.md,2026-09-11T01:38:30+00:00
02-biblioteca-servicios,LIB-aws-data-exchange,D3,Analytics,AWS Data Exchange,FAQ oficial,https://aws.amazon.com/data-exchange/faqs/,ok,bronze/02-biblioteca-servicios/04-faqs/aws-data-exchange.html,bronze/02-biblioteca-servicios/04-faqs/aws-data-exchange.md,2026-09-11T01:38:31+00:00
02-biblioteca-servicios,LIB-ultrawarm,D3,Analytics,Amazon OpenSearch Service,UltraWarm storage,https://docs.aws.amazon.com/opensearch-service/latest/developerguide/ultrawarm.html,ok,bronze/02-biblioteca-servicios/05-docs/analytics-opensearch/ultrawarm.html,bronze/02-biblioteca-servicios/05-docs/analytics-opensearch/ultrawarm.md,2026-09-11T01:38:32+00:00
02-biblioteca-servicios,LIB-configure-client-self-managed-opensearch,D3,Analytics,Amazon OpenSearch Service,Self-managed OpenSearch clusters,https://docs.aws.amazon.com/opensearch-service/latest/developerguide/configure-client-self-managed-opensearch.html,ok,bronze/02-biblioteca-servicios/05-docs/analytics-opensearch/configure-client-self-managed-opensearch.html,bronze/02-biblioteca-servicios/05-docs/analytics-opensearch/configure-client-self-managed-opensearch.md,2026-09-11T01:38:32+00:00
02-biblioteca-servicios,LIB-gsgupload-data,D3,Analytics,Amazon OpenSearch Service,Upload data for indexing,https://docs.aws.amazon.com/opensearch-service/latest/developerguide/gsgupload-data.html,ok,bronze/02-biblioteca-servicios/05-docs/analytics-opensearch/gsgupload-data.html,bronze/02-biblioteca-servicios/05-docs/analytics-opensearch/gsgupload-data.md,2026-09-11T01:38:32+00:00
02-biblioteca-servicios,LIB-gsgcreate-domain,D3,Analytics,Amazon OpenSearch Service,Create a domain,https://docs.aws.amazon.com/opensearch-service/latest/developerguide/gsgcreate-domain.html,ok,bronze/02-biblioteca-servicios/05-docs/analytics-opensearch/gsgcreate-domain.html,bronze/02-biblioteca-servicios/05-docs/analytics-opensearch/gsgcreate-domain.md,2026-09-11T01:38:32+00:00
02-biblioteca-servicios,LIB-restart-process,D3,Analytics,Amazon OpenSearch Service,Restarting the OpenSearch process on a data node,https://docs.aws.amazon.com/opensearch-service/latest/developerguide/restart-process.html,ok,bronze/02-biblioteca-servicios/05-docs/analytics-opensearch/restart-process.html,bronze/02-biblioteca-servicios/05-docs/analytics-opensearch/restart-process.md,2026-09-11T01:38:32+00:00
02-biblioteca-servicios,LIB-amazon-opensearch-service,D3,Analytics,Amazon OpenSearch Service,FAQ oficial,https://aws.amazon.com/opensearch-service/faqs/,ok,bronze/02-biblioteca-servicios/04-faqs/amazon-opensearch-service.html,bronze/02-biblioteca-servicios/04-faqs/amazon-opensearch-service.md,2026-09-11T01:38:33+00:00
02-biblioteca-servicios,LIB-sns-create-subscribe-endpoint-to-topic,D2,Application Integration,Amazon SNS,Step 2: Creating a subscription to a topic,https://docs.aws.amazon.com/sns/latest/dg/sns-create-subscribe-endpoint-to-topic.html,ok,bronze/02-biblioteca-servicios/05-docs/integration-sns/sns-create-subscribe-endpoint-to-topic.html,bronze/02-biblioteca-servicios/05-docs/integration-sns/sns-create-subscribe-endpoint-to-topic.md,2026-09-11T01:38:34+00:00
02-biblioteca-servicios,LIB-sns-mobile-application-as-subscriber,D2,Application Integration,Amazon SNS,Sending mobile push notifications,https://docs.aws.amazon.com/sns/latest/dg/sns-mobile-application-as-subscriber.html,ok,bronze/02-biblioteca-servicios/05-docs/integration-sns/sns-mobile-application-as-subscriber.html,bronze/02-biblioteca-servicios/05-docs/integration-sns/sns-mobile-application-as-subscriber.md,2026-09-11T01:38:34+00:00
02-biblioteca-servicios,LIB-sns-message-filtering-scope,D2,Application Integration,Amazon SNS,Subscription filter policy scope,https://docs.aws.amazon.com/sns/latest/dg/sns-message-filtering-scope.html,ok,bronze/02-biblioteca-servicios/05-docs/integration-sns/sns-message-filtering-scope.html,bronze/02-biblioteca-servicios/05-docs/integration-sns/sns-message-filtering-scope.md,2026-09-11T01:38:34+00:00
02-biblioteca-servicios,LIB-sns-getting-started,D2,Application Integration,Amazon SNS,Create a topic and publish messages,https://docs.aws.amazon.com/sns/latest/dg/sns-getting-started.html,ok,bronze/02-biblioteca-servicios/05-docs/integration-sns/sns-getting-started.html,bronze/02-biblioteca-servicios/05-docs/integration-sns/sns-getting-started.md,2026-09-11T01:38:34+00:00
02-biblioteca-servicios,LIB-sns-publishing,D2,Application Integration,Amazon SNS,Step 3: Publishing a message,https://docs.aws.amazon.com/sns/latest/dg/sns-publishing.html,ok,bronze/02-biblioteca-servicios/05-docs/integration-sns/sns-publishing.html,bronze/02-biblioteca-servicios/05-docs/integration-sns/sns-publishing.md,2026-09-11T01:38:34+00:00
02-biblioteca-servicios,LIB-sns-fifo-topics,D2,Application Integration,Amazon SNS,Message ordering and deduplication using FIFO topics,https://docs.aws.amazon.com/sns/latest/dg/sns-fifo-topics.html,ok,bronze/02-biblioteca-servicios/05-docs/integration-sns/sns-fifo-topics.html,bronze/02-biblioteca-servicios/05-docs/integration-sns/sns-fifo-topics.md,2026-09-11T01:38:34+00:00
02-biblioteca-servicios,LIB-amazon-sns,D2,Application Integration,Amazon SNS,FAQ oficial,https://aws.amazon.com/sns/faqs/,ok,bronze/02-biblioteca-servicios/04-faqs/amazon-sns.html,bronze/02-biblioteca-servicios/04-faqs/amazon-sns.md,2026-09-11T01:38:35+00:00
02-biblioteca-servicios,LIB-sqs-dead-letter-queues,D2,Application Integration,Amazon SQS,Dead-letter queues,https://docs.aws.amazon.com/AWSSimpleQueueService/latest/SQSDeveloperGuide/sqs-dead-letter-queues.html,ok,bronze/02-biblioteca-servicios/05-docs/integration-sqs/sqs-dead-letter-queues.html,bronze/02-biblioteca-servicios/05-docs/integration-sqs/sqs-dead-letter-queues.md,2026-09-11T01:38:36+00:00
02-biblioteca-servicios,LIB-sqs-delay-queues,D2,Application Integration,Amazon SQS,Delay queues,https://docs.aws.amazon.com/AWSSimpleQueueService/latest/SQSDeveloperGuide/sqs-delay-queues.html,ok,bronze/02-biblioteca-servicios/05-docs/integration-sqs/sqs-delay-queues.html,bronze/02-biblioteca-servicios/05-docs/integration-sqs/sqs-delay-queues.md,2026-09-11T01:38:36+00:00
02-biblioteca-servicios,LIB-sqs-visibility-timeout,D2,Application Integration,Amazon SQS,Visibility timeout,https://docs.aws.amazon.com/AWSSimpleQueueService/latest/SQSDeveloperGuide/sqs-visibility-timeout.html,ok,bronze/02-biblioteca-servicios/05-docs/integration-sqs/sqs-visibility-timeout.html,bronze/02-biblioteca-servicios/05-docs/integration-sqs/sqs-visibility-timeout.md,2026-09-11T01:38:36+00:00
02-biblioteca-servicios,LIB-sqs-queue-types,D2,Application Integration,Amazon SQS,Queue types,https://docs.aws.amazon.com/AWSSimpleQueueService/latest/SQSDeveloperGuide/sqs-queue-types.html,ok,bronze/02-biblioteca-servicios/05-docs/integration-sqs/sqs-queue-types.html,bronze/02-biblioteca-servicios/05-docs/integration-sqs/sqs-queue-types.md,2026-09-11T01:38:36+00:00
02-biblioteca-servicios,LIB-sqs-short-and-long-polling,D2,Application Integration,Amazon SQS,Short and long polling,https://docs.aws.amazon.com/AWSSimpleQueueService/latest/SQSDeveloperGuide/sqs-short-and-long-polling.html,ok,bronze/02-biblioteca-servicios/05-docs/integration-sqs/sqs-short-and-long-polling.html,bronze/02-biblioteca-servicios/05-docs/integration-sqs/sqs-short-and-long-polling.md,2026-09-11T01:38:36+00:00
02-biblioteca-servicios,LIB-creating-sqs-fifo-queues,D2,Application Integration,Amazon SQS,Creating a FIFO queue,https://docs.aws.amazon.com/AWSSimpleQueueService/latest/SQSDeveloperGuide/creating-sqs-fifo-queues.html,ok,bronze/02-biblioteca-servicios/05-docs/integration-sqs/creating-sqs-fifo-queues.html,bronze/02-biblioteca-servicios/05-docs/integration-sqs/creating-sqs-fifo-queues.md,2026-09-11T01:38:36+00:00
02-biblioteca-servicios,LIB-amazon-sqs,D2,Application Integration,Amazon SQS,FAQ oficial,https://aws.amazon.com/sqs/faqs/,ok,bronze/02-biblioteca-servicios/04-faqs/amazon-sqs.html,bronze/02-biblioteca-servicios/04-faqs/amazon-sqs.md,2026-09-11T01:38:37+00:00
02-biblioteca-servicios,LIB-aws-auto-scaling,D3,Compute,AWS Auto Scaling,,https://docs.aws.amazon.com/autoscaling/userguide/welcome.html,failed,,,2026-09-11T01:38:46+00:00
02-biblioteca-servicios,LIB-aws-auto-scaling,D3,Compute,AWS Auto Scaling,FAQ oficial,https://aws.amazon.com/autoscaling/faqs/,ok,bronze/02-biblioteca-servicios/04-faqs/aws-auto-scaling.html,bronze/02-biblioteca-servicios/04-faqs/aws-auto-scaling.md,2026-09-11T01:38:46+00:00
02-biblioteca-servicios,LIB-carrier-gateways,D3,Compute,AWS Wavelength,Carrier gateways,https://docs.aws.amazon.com/wavelength/latest/developerguide/carrier-gateways.html,ok,bronze/02-biblioteca-servicios/05-docs/compute-wavelength/carrier-gateways.html,bronze/02-biblioteca-servicios/05-docs/compute-wavelength/carrier-gateways.md,2026-09-11T01:38:47+00:00
02-biblioteca-servicios,LIB-available-wavelength-zones,D3,Compute,AWS Wavelength,Available Wavelength Zones,https://docs.aws.amazon.com/wavelength/latest/developerguide/available-wavelength-zones.html,ok,bronze/02-biblioteca-servicios/05-docs/compute-wavelength/available-wavelength-zones.html,bronze/02-biblioteca-servicios/05-docs/compute-wavelength/available-wavelength-zones.md,2026-09-11T01:38:47+00:00
02-biblioteca-servicios,LIB-what-is-wavelength,D3,Compute,AWS Wavelength,What is AWS Wavelength?,https://docs.aws.amazon.com/wavelength/latest/developerguide/what-is-wavelength.html,ok,bronze/02-biblioteca-servicios/05-docs/compute-wavelength/what-is-wavelength.html,bronze/02-biblioteca-servicios/05-docs/compute-wavelength/what-is-wavelength.md,2026-09-11T01:38:47+00:00
02-biblioteca-servicios,LIB-aws-wavelength,D3,Compute,AWS Wavelength,FAQ oficial,https://aws.amazon.com/wavelength/faqs/,ok,bronze/02-biblioteca-servicios/04-faqs/aws-wavelength.html,bronze/02-biblioteca-servicios/04-faqs/aws-wavelength.md,2026-09-11T01:38:47+00:00
02-biblioteca-servicios,LIB-gpu-launch,D2;D3;D4,Containers,Amazon ECS (y ECS Anywhere),Launch a GPU container instance for Amazon ECS on Amazon EC2,https://docs.aws.amazon.com/AmazonECS/latest/developerguide/gpu-launch.html,ok,bronze/02-biblioteca-servicios/05-docs/containers-ecs/gpu-launch.html,bronze/02-biblioteca-servicios/05-docs/containers-ecs/gpu-launch.md,2026-09-11T01:38:48+00:00
02-biblioteca-servicios,LIB-managed-daemons-task-definitions,D2;D3;D4,Containers,Amazon ECS (y ECS Anywhere),Daemon task definitions,https://docs.aws.amazon.com/AmazonECS/latest/developerguide/managed-daemons-task-definitions.html,ok,bronze/02-biblioteca-servicios/05-docs/containers-ecs/managed-daemons-task-definitions.html,bronze/02-biblioteca-servicios/05-docs/containers-ecs/managed-daemons-task-definitions.md,2026-09-11T01:38:48+00:00
02-biblioteca-servicios,LIB-managed-instances-capacity-providers-concept,D2;D3;D4,Containers,Amazon ECS (y ECS Anywhere),Managed Instances capacity providers,https://docs.aws.amazon.com/AmazonECS/latest/developerguide/managed-instances-capacity-providers-concept.html,ok,bronze/02-biblioteca-servicios/05-docs/containers-ecs/managed-instances-capacity-providers-concept.html,bronze/02-biblioteca-servicios/05-docs/containers-ecs/managed-instances-capacity-providers-concept.md,2026-09-11T01:38:48+00:00
02-biblioteca-servicios,LIB-getting-started-fargate,D2;D3;D4,Containers,Amazon ECS (y ECS Anywhere),Learn how to create a Linux task for Fargate,https://docs.aws.amazon.com/AmazonECS/latest/developerguide/getting-started-fargate.html,ok,bronze/02-biblioteca-servicios/05-docs/containers-ecs/getting-started-fargate.html,bronze/02-biblioteca-servicios/05-docs/containers-ecs/getting-started-fargate.md,2026-09-11T01:38:48+00:00
02-biblioteca-servicios,LIB-capacity-launch-type-comparison,D2;D3;D4,Containers,Amazon ECS (y ECS Anywhere),Launch types and capacity providers,https://docs.aws.amazon.com/AmazonECS/latest/developerguide/capacity-launch-type-comparison.html,ok,bronze/02-biblioteca-servicios/05-docs/containers-ecs/capacity-launch-type-comparison.html,bronze/02-biblioteca-servicios/05-docs/containers-ecs/capacity-launch-type-comparison.md,2026-09-11T01:38:48+00:00
02-biblioteca-servicios,LIB-using-outposts,D2;D3;D4,Containers,Amazon ECS (y ECS Anywhere),Amazon Elastic Container Service on AWS Outposts,https://docs.aws.amazon.com/AmazonECS/latest/developerguide/using-outposts.html,ok,bronze/02-biblioteca-servicios/05-docs/containers-ecs/using-outposts.html,bronze/02-biblioteca-servicios/05-docs/containers-ecs/using-outposts.md,2026-09-11T01:38:48+00:00
02-biblioteca-servicios,LIB-capacity-availability,D2;D3;D4,Containers,Amazon ECS (y ECS Anywhere),Auto scaling and capacity management best practices,https://docs.aws.amazon.com/AmazonECS/latest/developerguide/capacity-availability.html,ok,bronze/02-biblioteca-servicios/05-docs/containers-ecs/capacity-availability.html,bronze/02-biblioteca-servicios/05-docs/containers-ecs/capacity-availability.md,2026-09-11T01:38:48+00:00
02-biblioteca-servicios,LIB-pull-behavior,D2;D3;D4,Containers,Amazon ECS (y ECS Anywhere),Container image pull behavior for EC2 and external instances,https://docs.aws.amazon.com/AmazonECS/latest/developerguide/pull-behavior.html,ok,bronze/02-biblioteca-servicios/05-docs/containers-ecs/pull-behavior.html,bronze/02-biblioteca-servicios/05-docs/containers-ecs/pull-behavior.md,2026-09-11T01:38:49+00:00
02-biblioteca-servicios,LIB-amazon-ecs-y-ecs-anywhere,D2;D3;D4,Containers,Amazon ECS (y ECS Anywhere),FAQ oficial,https://aws.amazon.com/ecs/faqs/,ok,bronze/02-biblioteca-servicios/04-faqs/amazon-ecs-y-ecs-anywhere.html,bronze/02-biblioteca-servicios/04-faqs/amazon-ecs-y-ecs-anywhere.md,2026-09-11T01:38:49+00:00
02-biblioteca-servicios,LIB-on-demand-capacity-mode,D2;D3;D4,Database,Amazon DynamoDB,DynamoDB on-demand capacity mode,https://docs.aws.amazon.com/amazondynamodb/latest/developerguide/on-demand-capacity-mode.html,ok,bronze/02-biblioteca-servicios/05-docs/db-dynamodb/on-demand-capacity-mode.html,bronze/02-biblioteca-servicios/05-docs/db-dynamodb/on-demand-capacity-mode.md,2026-09-11T01:38:50+00:00
02-biblioteca-servicios,LIB-backup-and-restore,D2;D3;D4,Database,Amazon DynamoDB,Backup and restore,https://docs.aws.amazon.com/amazondynamodb/latest/developerguide/Backup-and-Restore.html,ok,bronze/02-biblioteca-servicios/05-docs/db-dynamodb/backup-and-restore.html,bronze/02-biblioteca-servicios/05-docs/db-dynamodb/backup-and-restore.md,2026-09-11T01:38:50+00:00
02-biblioteca-servicios,LIB-secondaryindexes,D2;D3;D4,Database,Amazon DynamoDB,Working with secondary indexes,https://docs.aws.amazon.com/amazondynamodb/latest/developerguide/SecondaryIndexes.html,ok,bronze/02-biblioteca-servicios/05-docs/db-dynamodb/secondaryindexes.html,bronze/02-biblioteca-servicios/05-docs/db-dynamodb/secondaryindexes.md,2026-09-11T01:38:50+00:00
02-biblioteca-servicios,LIB-howitworks-corecomponents,D2;D3;D4,Database,Amazon DynamoDB,Core components,https://docs.aws.amazon.com/amazondynamodb/latest/developerguide/HowItWorks.CoreComponents.html,ok,bronze/02-biblioteca-servicios/05-docs/db-dynamodb/howitworks-corecomponents.html,bronze/02-biblioteca-servicios/05-docs/db-dynamodb/howitworks-corecomponents.md,2026-09-11T01:38:50+00:00
02-biblioteca-servicios,LIB-bp-partition-key-design,D2;D3;D4,Database,Amazon DynamoDB,Partition key design,https://docs.aws.amazon.com/amazondynamodb/latest/developerguide/bp-partition-key-design.html,ok,bronze/02-biblioteca-servicios/05-docs/db-dynamodb/bp-partition-key-design.html,bronze/02-biblioteca-servicios/05-docs/db-dynamodb/bp-partition-key-design.md,2026-09-11T01:38:50+00:00
02-biblioteca-servicios,LIB-ttl,D2;D3;D4,Database,Amazon DynamoDB,Time to Live (TTL),https://docs.aws.amazon.com/amazondynamodb/latest/developerguide/TTL.html,ok,bronze/02-biblioteca-servicios/05-docs/db-dynamodb/ttl.html,bronze/02-biblioteca-servicios/05-docs/db-dynamodb/ttl.md,2026-09-11T01:38:51+00:00
02-biblioteca-servicios,LIB-autoscaling,D2;D3;D4,Database,Amazon DynamoDB,Managing throughput capacity with auto scaling,https://docs.aws.amazon.com/amazondynamodb/latest/developerguide/AutoScaling.html,ok,bronze/02-biblioteca-servicios/05-docs/db-dynamodb/autoscaling.html,bronze/02-biblioteca-servicios/05-docs/db-dynamodb/autoscaling.md,2026-09-11T01:38:51+00:00
02-biblioteca-servicios,LIB-on-demand-capacity-mode-max-throughput,D2;D3;D4,Database,Amazon DynamoDB,DynamoDB maximum throughput for on-demand tables,https://docs.aws.amazon.com/amazondynamodb/latest/developerguide/on-demand-capacity-mode-max-throughput.html,ok,bronze/02-biblioteca-servicios/05-docs/db-dynamodb/on-demand-capacity-mode-max-throughput.html,bronze/02-biblioteca-servicios/05-docs/db-dynamodb/on-demand-capacity-mode-max-throughput.md,2026-09-11T01:38:51+00:00
02-biblioteca-servicios,LIB-howitworks-tableclasses,D2;D3;D4,Database,Amazon DynamoDB,DynamoDB table classes,https://docs.aws.amazon.com/amazondynamodb/latest/developerguide/HowItWorks.TableClasses.html,ok,bronze/02-biblioteca-servicios/05-docs/db-dynamodb/howitworks-tableclasses.html,bronze/02-biblioteca-servicios/05-docs/db-dynamodb/howitworks-tableclasses.md,2026-09-11T01:38:51+00:00
02-biblioteca-servicios,LIB-amazon-dynamodb,D2;D3;D4,Database,Amazon DynamoDB,FAQ oficial,https://aws.amazon.com/dynamodb/faqs/,ok,bronze/02-biblioteca-servicios/04-faqs/amazon-dynamodb.html,bronze/02-biblioteca-servicios/04-faqs/amazon-dynamodb.md,2026-09-11T01:38:52+00:00
02-biblioteca-servicios,LIB-what-is-keyspaces,D3,Database,Amazon Keyspaces,What is Amazon Keyspaces?,https://docs.aws.amazon.com/keyspaces/latest/devguide/what-is-keyspaces.html,ok,bronze/02-biblioteca-servicios/05-docs/db-keyspaces/what-is-keyspaces.html,bronze/02-biblioteca-servicios/05-docs/db-keyspaces/what-is-keyspaces.md,2026-09-11T01:38:52+00:00
02-biblioteca-servicios,LIB-amazon-keyspaces,D3,Database,Amazon Keyspaces,FAQ oficial,https://aws.amazon.com/keyspaces/faqs/,ok,bronze/02-biblioteca-servicios/04-faqs/amazon-keyspaces.html,,2026-09-11T01:38:53+00:00
02-biblioteca-servicios,LIB-xray-api-segmentdocuments,D2,Developer Tools,AWS X-Ray,Segment documents,https://docs.aws.amazon.com/xray/latest/devguide/xray-api-segmentdocuments.html,ok,bronze/02-biblioteca-servicios/05-docs/devtools-xray/xray-api-segmentdocuments.html,bronze/02-biblioteca-servicios/05-docs/devtools-xray/xray-api-segmentdocuments.md,2026-09-11T01:38:54+00:00
02-biblioteca-servicios,LIB-xray-console-sampling,D2,Developer Tools,AWS X-Ray,Sampling,https://docs.aws.amazon.com/xray/latest/devguide/xray-console-sampling.html,ok,bronze/02-biblioteca-servicios/05-docs/devtools-xray/xray-console-sampling.html,bronze/02-biblioteca-servicios/05-docs/devtools-xray/xray-console-sampling.md,2026-09-11T01:38:54+00:00
02-biblioteca-servicios,LIB-scorekeep-subsegments,D2,Developer Tools,AWS X-Ray,Custom subsegments,https://docs.aws.amazon.com/xray/latest/devguide/scorekeep-subsegments.html,ok,bronze/02-biblioteca-servicios/05-docs/devtools-xray/scorekeep-subsegments.html,bronze/02-biblioteca-servicios/05-docs/devtools-xray/scorekeep-subsegments.md,2026-09-11T01:38:54+00:00
02-biblioteca-servicios,LIB-aws-x-ray,D2,Developer Tools,AWS X-Ray,FAQ oficial,https://aws.amazon.com/xray/faqs/,failed,,,2026-09-11T01:38:55+00:00
02-biblioteca-servicios,LIB-amazon-comprehend,D2,Machine Learning,Amazon Comprehend,,https://docs.aws.amazon.com/comprehend/latest/ug/welcome.html,failed,,,2026-09-11T01:39:03+00:00
02-biblioteca-servicios,LIB-amazon-comprehend,D2,Machine Learning,Amazon Comprehend,FAQ oficial,https://aws.amazon.com/comprehend/faqs/,ok,bronze/02-biblioteca-servicios/04-faqs/amazon-comprehend.html,bronze/02-biblioteca-servicios/04-faqs/amazon-comprehend.md,2026-09-11T01:39:04+00:00
02-biblioteca-servicios,LIB-what-is,D2,Machine Learning,Amazon Rekognition,What is Amazon Rekognition?,https://docs.aws.amazon.com/rekognition/latest/dg/what-is.html,ok,bronze/02-biblioteca-servicios/05-docs/ml-rekognition/what-is.html,bronze/02-biblioteca-servicios/05-docs/ml-rekognition/what-is.md,2026-09-11T01:39:05+00:00
02-biblioteca-servicios,LIB-amazon-rekognition,D2,Machine Learning,Amazon Rekognition,FAQ oficial,https://aws.amazon.com/rekognition/faqs/,ok,bronze/02-biblioteca-servicios/04-faqs/amazon-rekognition.html,bronze/02-biblioteca-servicios/04-faqs/amazon-rekognition.md,2026-09-11T01:39:06+00:00
02-biblioteca-servicios,LIB-amazon-cloudwatch,D2;D3;D4,Management and Governance,Amazon CloudWatch,,https://docs.aws.amazon.com/cloudwatch/latest/monitoring/welcome.html,failed,,,2026-09-11T01:39:15+00:00
02-biblioteca-servicios,LIB-amazon-cloudwatch,D2;D3;D4,Management and Governance,Amazon CloudWatch,FAQ oficial,https://aws.amazon.com/cloudwatch/faqs/,ok,bronze/02-biblioteca-servicios/04-faqs/amazon-cloudwatch.html,bronze/02-biblioteca-servicios/04-faqs/amazon-cloudwatch.md,2026-09-11T01:39:15+00:00
02-biblioteca-servicios,LIB-aws-compute-optimizer,D4,Management and Governance,AWS Compute Optimizer,,https://docs.aws.amazon.com/compute-optimizer/latest/dg/welcome.html,failed,,,2026-09-11T01:39:24+00:00
02-biblioteca-servicios,LIB-aws-compute-optimizer,D4,Management and Governance,AWS Compute Optimizer,FAQ oficial,https://aws.amazon.com/compute-optimizer/faqs/,ok,bronze/02-biblioteca-servicios/04-faqs/aws-compute-optimizer.html,bronze/02-biblioteca-servicios/04-faqs/aws-compute-optimizer.md,2026-09-11T01:39:25+00:00
02-biblioteca-servicios,LIB-amazon-elastic-transcoder,D3,Media Services,Amazon Elastic Transcoder,,https://docs.aws.amazon.com/elastic-transcoder/latest/developerguide/welcome.html,failed,,,2026-09-11T01:39:34+00:00
02-biblioteca-servicios,LIB-amazon-elastic-transcoder,D3,Media Services,Amazon Elastic Transcoder,FAQ oficial,https://aws.amazon.com/elastictranscoder/faqs/,ok,bronze/02-biblioteca-servicios/04-faqs/amazon-elastic-transcoder.html,bronze/02-biblioteca-servicios/04-faqs/amazon-elastic-transcoder.md,2026-09-11T01:39:34+00:00
02-biblioteca-servicios,LIB-what-is-appdiscovery,D2,Migration and Transfer,AWS Application Discovery Service,What is AWS Application Discovery Service?,https://docs.aws.amazon.com/application-discovery/latest/userguide/what-is-appdiscovery.html,ok,bronze/02-biblioteca-servicios/05-docs/migration-appdiscovery/what-is-appdiscovery.html,bronze/02-biblioteca-servicios/05-docs/migration-appdiscovery/what-is-appdiscovery.md,2026-09-11T01:39:35+00:00
02-biblioteca-servicios,LIB-aws-application-discovery-service,D2,Migration and Transfer,AWS Application Discovery Service,FAQ oficial,https://aws.amazon.com/application-discovery/faqs/,failed,,,2026-09-11T01:39:35+00:00
02-biblioteca-servicios,LIB-configure-bandwidth,D3;D4,Migration and Transfer,AWS DataSync,Setting bandwidth limits,https://docs.aws.amazon.com/datasync/latest/userguide/configure-bandwidth.html,ok,bronze/02-biblioteca-servicios/05-docs/migration-datasync/configure-bandwidth.html,bronze/02-biblioteca-servicios/05-docs/migration-datasync/configure-bandwidth.md,2026-09-11T01:39:36+00:00
02-biblioteca-servicios,LIB-do-i-need-datasync-agent,D3;D4,Migration and Transfer,AWS DataSync,Do I need an agent?,https://docs.aws.amazon.com/datasync/latest/userguide/do-i-need-datasync-agent.html,ok,bronze/02-biblioteca-servicios/05-docs/migration-datasync/do-i-need-datasync-agent.html,bronze/02-biblioteca-servicios/05-docs/migration-datasync/do-i-need-datasync-agent.md,2026-09-11T01:39:36+00:00
02-biblioteca-servicios,LIB-required-network-interfaces,D3;D4,Migration and Transfer,AWS DataSync,Network interfaces for data transfers,https://docs.aws.amazon.com/datasync/latest/userguide/required-network-interfaces.html,ok,bronze/02-biblioteca-servicios/05-docs/migration-datasync/required-network-interfaces.html,bronze/02-biblioteca-servicios/05-docs/migration-datasync/required-network-interfaces.md,2026-09-11T01:39:36+00:00
02-biblioteca-servicios,LIB-task-scheduling,D3;D4,Migration and Transfer,AWS DataSync,Scheduling your task,https://docs.aws.amazon.com/datasync/latest/userguide/task-scheduling.html,ok,bronze/02-biblioteca-servicios/05-docs/migration-datasync/task-scheduling.html,bronze/02-biblioteca-servicios/05-docs/migration-datasync/task-scheduling.md,2026-09-11T01:39:36+00:00
02-biblioteca-servicios,LIB-create-task-how-to,D3;D4,Migration and Transfer,AWS DataSync,Creating a task for transferring data,https://docs.aws.amazon.com/datasync/latest/userguide/create-task-how-to.html,ok,bronze/02-biblioteca-servicios/05-docs/migration-datasync/create-task-how-to.html,bronze/02-biblioteca-servicios/05-docs/migration-datasync/create-task-how-to.md,2026-09-11T01:39:37+00:00
02-biblioteca-servicios,LIB-aws-datasync,D3;D4,Migration and Transfer,AWS DataSync,FAQ oficial,https://aws.amazon.com/datasync/faqs/,ok,bronze/02-biblioteca-servicios/04-faqs/aws-datasync.html,bronze/02-biblioteca-servicios/04-faqs/aws-datasync.md,2026-09-11T01:39:37+00:00
02-biblioteca-servicios,LIB-elastic-load-balancing-alb-nlb-glb,D2;D3;D4,Networking and Content Delivery,Elastic Load Balancing (ALB/NLB/GLB),FAQ oficial,https://aws.amazon.com/elasticloadbalancing/faqs/,ok,bronze/02-biblioteca-servicios/04-faqs/elastic-load-balancing-alb-nlb-glb.html,bronze/02-biblioteca-servicios/04-faqs/elastic-load-balancing-alb-nlb-glb.md,2026-09-11T01:39:39+00:00
02-biblioteca-servicios,LIB-using-keystore-with-keytool-5,D1,"Security, Identity, and Compliance",AWS CloudHSM,Use key store with keytool,https://docs.aws.amazon.com/cloudhsm/latest/userguide/using_keystore_with_keytool_5.html,ok,bronze/02-biblioteca-servicios/05-docs/security-cloudhsm/using-keystore-with-keytool-5.html,bronze/02-biblioteca-servicios/05-docs/security-cloudhsm/using-keystore-with-keytool-5.md,2026-09-11T01:39:40+00:00
02-biblioteca-servicios,LIB-cloudhsm-cli-cluster,D1,"Security, Identity, and Compliance",AWS CloudHSM,cluster,https://docs.aws.amazon.com/cloudhsm/latest/userguide/cloudhsm_cli-cluster.html,ok,bronze/02-biblioteca-servicios/05-docs/security-cloudhsm/cloudhsm-cli-cluster.html,bronze/02-biblioteca-servicios/05-docs/security-cloudhsm/cloudhsm-cli-cluster.md,2026-09-11T01:39:40+00:00
02-biblioteca-servicios,LIB-hsm-users,D1,"Security, Identity, and Compliance",AWS CloudHSM,Users in AWS CloudHSM,https://docs.aws.amazon.com/cloudhsm/latest/userguide/hsm-users.html,ok,bronze/02-biblioteca-servicios/05-docs/security-cloudhsm/hsm-users.html,bronze/02-biblioteca-servicios/05-docs/security-cloudhsm/hsm-users.md,2026-09-11T01:39:40+00:00
02-biblioteca-servicios,LIB-aws-cloudhsm,D1,"Security, Identity, and Compliance",AWS CloudHSM,FAQ oficial,https://aws.amazon.com/cloudhsm/faqs/,ok,bronze/02-biblioteca-servicios/04-faqs/aws-cloudhsm.html,bronze/02-biblioteca-servicios/04-faqs/aws-cloudhsm.md,2026-09-11T01:39:41+00:00
02-biblioteca-servicios,LIB-guardduty-extended-threat-detection,D1,"Security, Identity, and Compliance",Amazon GuardDuty,Extended Threat Detection,https://docs.aws.amazon.com/guardduty/latest/ug/guardduty-extended-threat-detection.html,ok,bronze/02-biblioteca-servicios/05-docs/security-guardduty/guardduty-extended-threat-detection.html,bronze/02-biblioteca-servicios/05-docs/security-guardduty/guardduty-extended-threat-detection.md,2026-09-11T01:39:42+00:00
02-biblioteca-servicios,LIB-gd-findings-initiate-malware-protection-scan,D1,"Security, Identity, and Compliance",Amazon GuardDuty,Findings that invoke GuardDuty-initiated malware scan,https://docs.aws.amazon.com/guardduty/latest/ug/gd-findings-initiate-malware-protection-scan.html,ok,bronze/02-biblioteca-servicios/05-docs/security-guardduty/gd-findings-initiate-malware-protection-scan.html,bronze/02-biblioteca-servicios/05-docs/security-guardduty/gd-findings-initiate-malware-protection-scan.md,2026-09-11T01:39:42+00:00
02-biblioteca-servicios,LIB-malware-protection,D1,"Security, Identity, and Compliance",Amazon GuardDuty,Malware Protection for EC2,https://docs.aws.amazon.com/guardduty/latest/ug/malware-protection.html,ok,bronze/02-biblioteca-servicios/05-docs/security-guardduty/malware-protection.html,bronze/02-biblioteca-servicios/05-docs/security-guardduty/malware-protection.md,2026-09-11T01:39:42+00:00
02-biblioteca-servicios,LIB-administrator-member-relationships,D1,"Security, Identity, and Compliance",Amazon GuardDuty,Administrator account and member account relationships,https://docs.aws.amazon.com/guardduty/latest/ug/administrator_member_relationships.html,ok,bronze/02-biblioteca-servicios/05-docs/security-guardduty/administrator-member-relationships.html,bronze/02-biblioteca-servicios/05-docs/security-guardduty/administrator-member-relationships.md,2026-09-11T01:39:42+00:00
02-biblioteca-servicios,LIB-amazon-guardduty,D1,"Security, Identity, and Compliance",Amazon GuardDuty,FAQ oficial,https://aws.amazon.com/guardduty/faqs/,ok,bronze/02-biblioteca-servicios/04-faqs/amazon-guardduty.html,bronze/02-biblioteca-servicios/04-faqs/amazon-guardduty.md,2026-09-11T01:39:43+00:00
02-biblioteca-servicios,LIB-replicate-secrets,D1,"Security, Identity, and Compliance",AWS Secrets Manager,Multi-region replication,https://docs.aws.amazon.com/secretsmanager/latest/userguide/replicate-secrets.html,ok,bronze/02-biblioteca-servicios/05-docs/security-secretsmanager/replicate-secrets.html,bronze/02-biblioteca-servicios/05-docs/security-secretsmanager/replicate-secrets.md,2026-09-11T01:39:43+00:00
02-biblioteca-servicios,LIB-asm-access,D1,"Security, Identity, and Compliance",AWS Secrets Manager,Access Secrets Manager,https://docs.aws.amazon.com/secretsmanager/latest/userguide/asm_access.html,ok,bronze/02-biblioteca-servicios/05-docs/security-secretsmanager/asm-access.html,bronze/02-biblioteca-servicios/05-docs/security-secretsmanager/asm-access.md,2026-09-11T01:39:43+00:00
02-biblioteca-servicios,LIB-tutorials-rotation-alternating,D1,"Security, Identity, and Compliance",AWS Secrets Manager,Alternating users rotation,https://docs.aws.amazon.com/secretsmanager/latest/userguide/tutorials_rotation-alternating.html,ok,bronze/02-biblioteca-servicios/05-docs/security-secretsmanager/tutorials-rotation-alternating.html,bronze/02-biblioteca-servicios/05-docs/security-secretsmanager/tutorials-rotation-alternating.md,2026-09-11T01:39:44+00:00
02-biblioteca-servicios,LIB-aws-secrets-manager,D1,"Security, Identity, and Compliance",AWS Secrets Manager,FAQ oficial,https://aws.amazon.com/secrets-manager/faqs/,ok,bronze/02-biblioteca-servicios/04-faqs/aws-secrets-manager.html,bronze/02-biblioteca-servicios/04-faqs/aws-secrets-manager.md,2026-09-11T01:39:44+00:00
02-biblioteca-servicios,LIB-aws-shield-standard-y-advanced,D1,"Security, Identity, and Compliance",AWS Shield (Standard y Advanced),,https://docs.aws.amazon.com/waf/latest/shieldref/welcome.html,failed,,,2026-09-11T01:39:53+00:00
02-biblioteca-servicios,LIB-aws-shield-standard-y-advanced,D1,"Security, Identity, and Compliance",AWS Shield (Standard y Advanced),FAQ oficial,https://aws.amazon.com/shield/faqs/,ok,bronze/02-biblioteca-servicios/04-faqs/aws-shield-standard-y-advanced.html,bronze/02-biblioteca-servicios/04-faqs/aws-shield-standard-y-advanced.md,2026-09-11T01:39:53+00:00
02-biblioteca-servicios,LIB-web-acl-creating,D1,"Security, Identity, and Compliance",AWS WAF,Creating a protection pack (web ACL),https://docs.aws.amazon.com/waf/latest/developerguide/web-acl-creating.html,ok,bronze/02-biblioteca-servicios/05-docs/security-waf/web-acl-creating.html,bronze/02-biblioteca-servicios/05-docs/security-waf/web-acl-creating.md,2026-09-11T01:39:54+00:00
02-biblioteca-servicios,LIB-aws-managed-rule-groups-bot,D1,"Security, Identity, and Compliance",AWS WAF,Bot Control rule group,https://docs.aws.amazon.com/waf/latest/developerguide/aws-managed-rule-groups-bot.html,ok,bronze/02-biblioteca-servicios/05-docs/security-waf/aws-managed-rule-groups-bot.html,bronze/02-biblioteca-servicios/05-docs/security-waf/aws-managed-rule-groups-bot.md,2026-09-11T01:39:54+00:00
02-biblioteca-servicios,LIB-web-acl-rule-group-settings,D1,"Security, Identity, and Compliance",AWS WAF,Managing rule group behavior,https://docs.aws.amazon.com/waf/latest/developerguide/web-acl-rule-group-settings.html,ok,bronze/02-biblioteca-servicios/05-docs/security-waf/web-acl-rule-group-settings.html,bronze/02-biblioteca-servicios/05-docs/security-waf/web-acl-rule-group-settings.md,2026-09-11T01:39:54+00:00
02-biblioteca-servicios,LIB-web-acl-captcha-challenge-token-domains,D1,"Security, Identity, and Compliance",AWS WAF,"Configuring CAPTCHA, challenge, and tokens",https://docs.aws.amazon.com/waf/latest/developerguide/web-acl-captcha-challenge-token-domains.html,ok,bronze/02-biblioteca-servicios/05-docs/security-waf/web-acl-captcha-challenge-token-domains.html,bronze/02-biblioteca-servicios/05-docs/security-waf/web-acl-captcha-challenge-token-domains.md,2026-09-11T01:39:54+00:00
02-biblioteca-servicios,LIB-waf-rule-statement-type-managed-rule-group,D1,"Security, Identity, and Compliance",AWS WAF,Using managed rule group statements,https://docs.aws.amazon.com/waf/latest/developerguide/waf-rule-statement-type-managed-rule-group.html,ok,bronze/02-biblioteca-servicios/05-docs/security-waf/waf-rule-statement-type-managed-rule-group.html,bronze/02-biblioteca-servicios/05-docs/security-waf/waf-rule-statement-type-managed-rule-group.md,2026-09-11T01:39:54+00:00
02-biblioteca-servicios,LIB-waf-rule-statement-type-rate-based,D1,"Security, Identity, and Compliance",AWS WAF,Using rate-based rule statements,https://docs.aws.amazon.com/waf/latest/developerguide/waf-rule-statement-type-rate-based.html,ok,bronze/02-biblioteca-servicios/05-docs/security-waf/waf-rule-statement-type-rate-based.html,bronze/02-biblioteca-servicios/05-docs/security-waf/waf-rule-statement-type-rate-based.md,2026-09-11T01:39:54+00:00
02-biblioteca-servicios,LIB-aws-waf,D1,"Security, Identity, and Compliance",AWS WAF,FAQ oficial,https://aws.amazon.com/waf/faqs/,ok,bronze/02-biblioteca-servicios/04-faqs/aws-waf.html,bronze/02-biblioteca-servicios/04-faqs/aws-waf.md,2026-09-11T01:39:55+00:00
02-biblioteca-servicios,LIB-aws-fargate,D2;D3;D4,Serverless,AWS Fargate,FAQ oficial,https://aws.amazon.com/fargate/faqs/,ok,bronze/02-biblioteca-servicios/04-faqs/aws-fargate.html,bronze/02-biblioteca-servicios/04-faqs/aws-fargate.md,2026-09-11T01:39:55+00:00
02-biblioteca-servicios,LIB-provisioned-iops,D2;D3;D4,Storage,Amazon Elastic Block Store (EBS),Provisioned IOPS SSD volumes,https://docs.aws.amazon.com/ebs/latest/userguide/provisioned-iops.html,ok,bronze/02-biblioteca-servicios/05-docs/storage-ebs/provisioned-iops.html,bronze/02-biblioteca-servicios/05-docs/storage-ebs/provisioned-iops.md,2026-09-11T01:39:56+00:00
02-biblioteca-servicios,LIB-hdd-vols,D2;D3;D4,Storage,Amazon Elastic Block Store (EBS),Throughput Optimized HDD and Cold HDD volumes,https://docs.aws.amazon.com/ebs/latest/userguide/hdd-vols.html,ok,bronze/02-biblioteca-servicios/05-docs/storage-ebs/hdd-vols.html,bronze/02-biblioteca-servicios/05-docs/storage-ebs/hdd-vols.md,2026-09-11T01:39:56+00:00
02-biblioteca-servicios,LIB-ebs-encryption,D2;D3;D4,Storage,Amazon Elastic Block Store (EBS),EBS encryption,https://docs.aws.amazon.com/ebs/latest/userguide/ebs-encryption.html,ok,bronze/02-biblioteca-servicios/05-docs/storage-ebs/ebs-encryption.html,bronze/02-biblioteca-servicios/05-docs/storage-ebs/ebs-encryption.md,2026-09-11T01:39:56+00:00
02-biblioteca-servicios,LIB-ebs-multi-attach-perf,D2;D3;D4,Storage,Amazon Elastic Block Store (EBS),Performance for Multi-Attach volumes,https://docs.aws.amazon.com/ebs/latest/userguide/ebs-multi-attach-perf.html,ok,bronze/02-biblioteca-servicios/05-docs/storage-ebs/ebs-multi-attach-perf.html,bronze/02-biblioteca-servicios/05-docs/storage-ebs/ebs-multi-attach-perf.md,2026-09-11T01:39:56+00:00
02-biblioteca-servicios,LIB-ebs-fast-snapshot-restore,D2;D3;D4,Storage,Amazon Elastic Block Store (EBS),Fast snapshot restore,https://docs.aws.amazon.com/ebs/latest/userguide/ebs-fast-snapshot-restore.html,ok,bronze/02-biblioteca-servicios/05-docs/storage-ebs/ebs-fast-snapshot-restore.html,bronze/02-biblioteca-servicios/05-docs/storage-ebs/ebs-fast-snapshot-restore.md,2026-09-11T01:39:56+00:00
02-biblioteca-servicios,LIB-amazon-elastic-block-store-ebs,D2;D3;D4,Storage,Amazon Elastic Block Store (EBS),FAQ oficial,https://aws.amazon.com/ebs/faqs/,ok,bronze/02-biblioteca-servicios/04-faqs/amazon-elastic-block-store-ebs.html,bronze/02-biblioteca-servicios/04-faqs/amazon-elastic-block-store-ebs.md,2026-09-11T01:39:57+00:00
02-biblioteca-servicios,LIB-study-guide-pdf,,,study-guide-pdf,AWS Certification SAA-C03 Study Guide (PDF),https://docs.aws.amazon.com/pdfs/aws-certification/latest/solutions-architect-associate-03/solutions-architect-associate-03.pdf,ok-existing,,,2026-09-11T01:39:57+00:00
02-biblioteca-servicios,LIB-sg-solutions-architect-associate-03-domain3,,,sg-solutions-architect-associate-03-domain3,Content Domain 3: Design High-Performing Architectures,https://docs.aws.amazon.com/aws-certification/latest/solutions-architect-associate-03/solutions-architect-associate-03-domain3.html,ok-existing,,,2026-09-11T01:39:57+00:00
02-biblioteca-servicios,LIB-sg-saa-service-mentions,,,sg-saa-service-mentions,Mentions of AWS Services on the Exam,https://docs.aws.amazon.com/aws-certification/latest/solutions-architect-associate-03/saa-service-mentions.html,ok-existing,,,2026-09-11T01:39:57+00:00
02-biblioteca-servicios,LIB-wa-definitions,,,wa-definitions,Well-Architected Framework — Definitions,https://docs.aws.amazon.com/wellarchitected/latest/framework/definitions.html,ok,,,2026-09-11T01:39:57+00:00
02-biblioteca-servicios,LIB-wa-oe-design-principles,,,wa-oe-design-principles,Well-Architected Framework — Design principles,https://docs.aws.amazon.com/wellarchitected/latest/framework/oe-design-principles.html,ok,,,2026-09-11T01:39:58+00:00
02-biblioteca-servicios,LIB-wa-oe-operate,,,wa-oe-operate,Well-Architected Framework — Operate,https://docs.aws.amazon.com/wellarchitected/latest/framework/oe-operate.html,ok,,,2026-09-11T01:39:58+00:00
02-biblioteca-servicios,LIB-wa-sec-def,,,wa-sec-def,Well-Architected Framework — Definition,https://docs.aws.amazon.com/wellarchitected/latest/framework/sec-def.html,ok,,,2026-09-11T01:39:58+00:00
02-biblioteca-servicios,LIB-wa-sec-infrastructure,,,wa-sec-infrastructure,Well-Architected Framework — Infrastructure protection,https://docs.aws.amazon.com/wellarchitected/latest/framework/sec-infrastructure.html,ok,,,2026-09-11T01:39:58+00:00
02-biblioteca-servicios,LIB-wa-rel-workload-arch,,,wa-rel-workload-arch,Well-Architected Framework — Workload architecture,https://docs.aws.amazon.com/wellarchitected/latest/framework/rel-workload-arch.html,ok,,,2026-09-11T01:39:59+00:00
02-biblioteca-servicios,LIB-wa-perf-dp,,,wa-perf-dp,Well-Architected Framework — Design principles,https://docs.aws.amazon.com/wellarchitected/latest/framework/perf-dp.html,ok,,,2026-09-11T01:39:59+00:00
02-biblioteca-servicios,LIB-wa-perf-data,,,wa-perf-data,Well-Architected Framework — Data management,https://docs.aws.amazon.com/wellarchitected/latest/framework/perf-data.html,ok,,,2026-09-11T01:40:00+00:00
02-biblioteca-servicios,LIB-wa-cost-dp,,,wa-cost-dp,Well-Architected Framework — Design principles,https://docs.aws.amazon.com/wellarchitected/latest/framework/cost-dp.html,ok,,,2026-09-11T01:40:00+00:00
02-biblioteca-servicios,LIB-wa-cost-cereso,,,wa-cost-cereso,Well-Architected Framework — Cost-effective resources,https://docs.aws.amazon.com/wellarchitected/latest/framework/cost-cereso.html,ok,,,2026-09-11T01:40:00+00:00
02-biblioteca-servicios,LIB-wa-sus-design-principles,,,wa-sus-design-principles,Well-Architected Framework — Design principles,https://docs.aws.amazon.com/wellarchitected/latest/framework/sus-design-principles.html,ok,,,2026-09-11T01:40:01+00:00
02-biblioteca-servicios,LIB-wa-sus-software-architecture-patterns,,,wa-sus-software-architecture-patterns,Well-Architected Framework — Software and architecture,https://docs.aws.amazon.com/wellarchitected/latest/framework/sus-software-architecture-patterns.html,ok,,,2026-09-11T01:40:01+00:00
02-biblioteca-servicios,LIB-wa-the-review-process,,,wa-the-review-process,Well-Architected Framework — The review process,https://docs.aws.amazon.com/wellarchitected/latest/framework/the-review-process.html,ok,,,2026-09-11T01:40:01+00:00
02-biblioteca-servicios,LIB-wa-appendix,,,wa-appendix,Well-Architected Framework — Appendix: Questions and best practices,https://docs.aws.amazon.com/wellarchitected/latest/framework/appendix.html,ok,,,2026-09-11T01:40:02+00:00
02-biblioteca-servicios,LIB-what-is-appflow,D3,Application Integration,Amazon AppFlow,What is Amazon AppFlow?,https://docs.aws.amazon.com/appflow/latest/userguide/what-is-appflow.html,ok,bronze/02-biblioteca-servicios/05-docs/integration-appflow/what-is-appflow.html,bronze/02-biblioteca-servicios/05-docs/integration-appflow/what-is-appflow.md,2026-09-11T01:38:31+00:00
02-biblioteca-servicios,LIB-connectors-adobeanalytics,D3,Application Integration,Amazon AppFlow,Adobe Analytics,https://docs.aws.amazon.com/appflow/latest/userguide/connectors-adobeanalytics.html,ok,bronze/02-biblioteca-servicios/05-docs/integration-appflow/connectors-adobeanalytics.html,bronze/02-biblioteca-servicios/05-docs/integration-appflow/connectors-adobeanalytics.md,2026-09-11T01:38:31+00:00
02-biblioteca-servicios,LIB-flows,D3,Application Integration,Amazon AppFlow,Flows,https://docs.aws.amazon.com/appflow/latest/userguide/flows.html,ok,bronze/02-biblioteca-servicios/05-docs/integration-appflow/flows.html,bronze/02-biblioteca-servicios/05-docs/integration-appflow/flows.md,2026-09-11T01:38:31+00:00
02-biblioteca-servicios,LIB-amazon-appflow,D3,Application Integration,Amazon AppFlow,FAQ oficial,https://aws.amazon.com/appflow/faqs/,ok,bronze/02-biblioteca-servicios/04-faqs/amazon-appflow.html,,2026-09-11T01:38:31+00:00
02-biblioteca-servicios,LIB-resolver-components,D2,Application Integration,AWS AppSync,Resolvers,https://docs.aws.amazon.com/appsync/latest/devguide/resolver-components.html,ok,bronze/02-biblioteca-servicios/05-docs/integration-appsync/resolver-components.html,bronze/02-biblioteca-servicios/05-docs/integration-appsync/resolver-components.md,2026-09-11T01:38:32+00:00
02-biblioteca-servicios,LIB-aws-appsync-real-time-data,D2,Application Integration,AWS AppSync,Using subscriptions for real-time data applications,https://docs.aws.amazon.com/appsync/latest/devguide/aws-appsync-real-time-data.html,ok,bronze/02-biblioteca-servicios/05-docs/integration-appsync/aws-appsync-real-time-data.html,bronze/02-biblioteca-servicios/05-docs/integration-appsync/aws-appsync-real-time-data.md,2026-09-11T01:38:32+00:00
02-biblioteca-servicios,LIB-aws-appsync-real-time-enhanced-filtering,D2,Application Integration,AWS AppSync,Defining enhanced subscriptions filters,https://docs.aws.amazon.com/appsync/latest/devguide/aws-appsync-real-time-enhanced-filtering.html,ok,bronze/02-biblioteca-servicios/05-docs/integration-appsync/aws-appsync-real-time-enhanced-filtering.html,bronze/02-biblioteca-servicios/05-docs/integration-appsync/aws-appsync-real-time-enhanced-filtering.md,2026-09-11T01:38:32+00:00
02-biblioteca-servicios,LIB-graphql-overview,D2,Application Integration,AWS AppSync,GraphQL and AWS AppSync architecture,https://docs.aws.amazon.com/appsync/latest/devguide/graphql-overview.html,ok,bronze/02-biblioteca-servicios/05-docs/integration-appsync/graphql-overview.html,bronze/02-biblioteca-servicios/05-docs/integration-appsync/graphql-overview.md,2026-09-11T01:38:32+00:00
02-biblioteca-servicios,LIB-aws-appsync,D2,Application Integration,AWS AppSync,FAQ oficial,https://aws.amazon.com/appsync/faqs/,ok,bronze/02-biblioteca-servicios/04-faqs/aws-appsync.html,bronze/02-biblioteca-servicios/04-faqs/aws-appsync.md,2026-09-11T01:38:33+00:00
02-biblioteca-servicios,LIB-aws-budgets,D4,AWS Cost Management,AWS Budgets,,https://docs.aws.amazon.com/awsaccountbilling/latest/budgets-userguide/welcome.html,failed,,,2026-09-11T01:38:42+00:00
02-biblioteca-servicios,LIB-aws-budgets,D4,AWS Cost Management,AWS Budgets,FAQ oficial,https://aws.amazon.com/aws-cost-management/faqs/aws-budgets/,failed,,,2026-09-11T01:38:44+00:00
02-biblioteca-servicios,LIB-aws-budgets,D4,AWS Cost Management,AWS Budgets,FAQ oficial,https://aws.amazon.com/aws-budgets/faqs/,failed,,,2026-09-11T01:38:46+00:00
02-biblioteca-servicios,LIB-savings-plans,D4,AWS Cost Management,Savings Plans,FAQ oficial,https://aws.amazon.com/savingsplans/faqs/,ok,bronze/02-biblioteca-servicios/04-faqs/savings-plans.html,bronze/02-biblioteca-servicios/04-faqs/savings-plans.md,2026-09-11T01:38:46+00:00
02-biblioteca-servicios,LIB-environments-cfg-autoscaling-configuration-approaches,D2;D4,Compute,AWS Elastic Beanstalk,Configuration,https://docs.aws.amazon.com/elasticbeanstalk/latest/dg/environments-cfg-autoscaling-configuration-approaches.html,ok,bronze/02-biblioteca-servicios/05-docs/compute-beanstalk/environments-cfg-autoscaling-configuration-approaches.html,bronze/02-biblioteca-servicios/05-docs/compute-beanstalk/environments-cfg-autoscaling-configuration-approaches.md,2026-09-11T01:38:47+00:00
02-biblioteca-servicios,LIB-concepts-webserver,D2;D4,Compute,AWS Elastic Beanstalk,Web server environments,https://docs.aws.amazon.com/elasticbeanstalk/latest/dg/concepts-webserver.html,ok,bronze/02-biblioteca-servicios/05-docs/compute-beanstalk/concepts-webserver.html,bronze/02-biblioteca-servicios/05-docs/compute-beanstalk/concepts-webserver.md,2026-09-11T01:38:47+00:00
02-biblioteca-servicios,LIB-aws-elastic-beanstalk,D2;D4,Compute,AWS Elastic Beanstalk,FAQ oficial,https://aws.amazon.com/elasticbeanstalk/faqs/,ok,bronze/02-biblioteca-servicios/04-faqs/aws-elastic-beanstalk.html,bronze/02-biblioteca-servicios/04-faqs/aws-elastic-beanstalk.md,2026-09-11T01:38:48+00:00
02-biblioteca-servicios,LIB-bestpractices,D3;D4,Database,Amazon ElastiCache (Memcached y Redis),Best practices and caching strategies,https://docs.aws.amazon.com/AmazonElastiCache/latest/mem-ug/BestPractices.html,ok,bronze/02-biblioteca-servicios/05-docs/db-elasticache/mem-ug/bestpractices.html,bronze/02-biblioteca-servicios/05-docs/db-elasticache/mem-ug/bestpractices.md,2026-09-11T01:38:49+00:00
02-biblioteca-servicios,LIB-designing-elasticache-cluster,D3;D4,Database,Amazon ElastiCache (Memcached y Redis),Creating and managing a node-based ElastiCache cluster,https://docs.aws.amazon.com/AmazonElastiCache/latest/mem-ug/designing-elasticache-cluster.html,ok,bronze/02-biblioteca-servicios/05-docs/db-elasticache/mem-ug/designing-elasticache-cluster.html,bronze/02-biblioteca-servicios/05-docs/db-elasticache/mem-ug/designing-elasticache-cluster.md,2026-09-11T01:38:49+00:00
02-biblioteca-servicios,LIB-bestpractices-clients-lettuce-cme,D3;D4,Database,Amazon ElastiCache (Memcached y Redis),"Example: Lettuce config for cluster mode, TLS enabled",https://docs.aws.amazon.com/AmazonElastiCache/latest/mem-ug/BestPractices.Clients-lettuce-cme.html,ok,bronze/02-biblioteca-servicios/05-docs/db-elasticache/mem-ug/bestpractices-clients-lettuce-cme.html,bronze/02-biblioteca-servicios/05-docs/db-elasticache/mem-ug/bestpractices-clients-lettuce-cme.md,2026-09-11T01:38:49+00:00
02-biblioteca-servicios,LIB-cachenodes-supportedtypes,D3;D4,Database,Amazon ElastiCache (Memcached y Redis),Supported node types,https://docs.aws.amazon.com/AmazonElastiCache/latest/mem-ug/CacheNodes.SupportedTypes.html,ok,bronze/02-biblioteca-servicios/05-docs/db-elasticache/mem-ug/cachenodes-supportedtypes.html,bronze/02-biblioteca-servicios/05-docs/db-elasticache/mem-ug/cachenodes-supportedtypes.md,2026-09-11T01:38:49+00:00
02-biblioteca-servicios,LIB-accessing-elasticache,D3;D4,Database,Amazon ElastiCache (Memcached y Redis),Accessing your ElastiCache cluster or replication group,https://docs.aws.amazon.com/AmazonElastiCache/latest/mem-ug/accessing-elasticache.html,ok,bronze/02-biblioteca-servicios/05-docs/db-elasticache/mem-ug/accessing-elasticache.html,bronze/02-biblioteca-servicios/05-docs/db-elasticache/mem-ug/accessing-elasticache.md,2026-09-11T01:38:49+00:00
02-biblioteca-servicios,LIB-bestpractices,D3;D4,Database,Amazon ElastiCache (Memcached y Redis),Best practices and caching strategies,https://docs.aws.amazon.com/AmazonElastiCache/latest/red-ug/BestPractices.html,ok,bronze/02-biblioteca-servicios/05-docs/db-elasticache/red-ug/bestpractices.html,bronze/02-biblioteca-servicios/05-docs/db-elasticache/red-ug/bestpractices.md,2026-09-11T01:38:51+00:00
02-biblioteca-servicios,LIB-accessing-elasticache,D3;D4,Database,Amazon ElastiCache (Memcached y Redis),Accessing your ElastiCache cluster or replication group,https://docs.aws.amazon.com/AmazonElastiCache/latest/red-ug/accessing-elasticache.html,ok,bronze/02-biblioteca-servicios/05-docs/db-elasticache/red-ug/accessing-elasticache.html,bronze/02-biblioteca-servicios/05-docs/db-elasticache/red-ug/accessing-elasticache.md,2026-09-11T01:38:51+00:00
02-biblioteca-servicios,LIB-cachenodes-supportedtypes,D3;D4,Database,Amazon ElastiCache (Memcached y Redis),Supported node types,https://docs.aws.amazon.com/AmazonElastiCache/latest/red-ug/CacheNodes.SupportedTypes.html,ok,bronze/02-biblioteca-servicios/05-docs/db-elasticache/red-ug/cachenodes-supportedtypes.html,bronze/02-biblioteca-servicios/05-docs/db-elasticache/red-ug/cachenodes-supportedtypes.md,2026-09-11T01:38:51+00:00
02-biblioteca-servicios,LIB-designing-elasticache-cluster,D3;D4,Database,Amazon ElastiCache (Memcached y Redis),Creating and managing a node-based ElastiCache cluster,https://docs.aws.amazon.com/AmazonElastiCache/latest/red-ug/designing-elasticache-cluster.html,ok,bronze/02-biblioteca-servicios/05-docs/db-elasticache/red-ug/designing-elasticache-cluster.html,bronze/02-biblioteca-servicios/05-docs/db-elasticache/red-ug/designing-elasticache-cluster.md,2026-09-11T01:38:51+00:00
02-biblioteca-servicios,LIB-bestpractices-clients-lettuce-cme,D3;D4,Database,Amazon ElastiCache (Memcached y Redis),"Example: Lettuce config for cluster mode, TLS enabled",https://docs.aws.amazon.com/AmazonElastiCache/latest/red-ug/BestPractices.Clients-lettuce-cme.html,ok,bronze/02-biblioteca-servicios/05-docs/db-elasticache/red-ug/bestpractices-clients-lettuce-cme.html,bronze/02-biblioteca-servicios/05-docs/db-elasticache/red-ug/bestpractices-clients-lettuce-cme.md,2026-09-11T01:38:51+00:00
02-biblioteca-servicios,LIB-amazon-elasticache-memcached-y-redis,D3;D4,Database,Amazon ElastiCache (Memcached y Redis),FAQ oficial,https://aws.amazon.com/elasticache/faqs/,ok,bronze/02-biblioteca-servicios/04-faqs/amazon-elasticache-memcached-y-redis.html,bronze/02-biblioteca-servicios/04-faqs/amazon-elasticache-memcached-y-redis.md,2026-09-11T01:38:51+00:00
02-biblioteca-servicios,LIB-welcome,D3,Front-End Web and Mobile,AWS Device Farm,What is AWS Device Farm?,https://docs.aws.amazon.com/devicefarm/latest/developerguide/welcome.html,ok,bronze/02-biblioteca-servicios/05-docs/mobile-devicefarm/welcome.html,bronze/02-biblioteca-servicios/05-docs/mobile-devicefarm/welcome.md,2026-09-11T01:38:52+00:00
02-biblioteca-servicios,LIB-aws-device-farm,D3,Front-End Web and Mobile,AWS Device Farm,FAQ oficial,https://aws.amazon.com/device-farm/faqs/,ok,bronze/02-biblioteca-servicios/04-faqs/aws-device-farm.html,bronze/02-biblioteca-servicios/04-faqs/aws-device-farm.md,2026-09-11T01:38:53+00:00
02-biblioteca-servicios,LIB-what-is,D2,Machine Learning,Amazon Lex,What is Amazon Lex V2?,https://docs.aws.amazon.com/lexv2/latest/dg/what-is.html,ok,bronze/02-biblioteca-servicios/05-docs/ml-lex/what-is.html,bronze/02-biblioteca-servicios/05-docs/ml-lex/what-is.md,2026-09-11T01:38:54+00:00
02-biblioteca-servicios,LIB-amazon-lex,D2,Machine Learning,Amazon Lex,FAQ oficial,https://aws.amazon.com/lex/faqs/,ok,bronze/02-biblioteca-servicios/04-faqs/amazon-lex.html,bronze/02-biblioteca-servicios/04-faqs/amazon-lex.md,2026-09-11T01:38:54+00:00
02-biblioteca-servicios,LIB-whatis,D3,Machine Learning,Amazon SageMaker,What is Amazon SageMaker AI?,https://docs.aws.amazon.com/sagemaker/latest/dg/whatis.html,ok,bronze/02-biblioteca-servicios/05-docs/ml-sagemaker/whatis.html,bronze/02-biblioteca-servicios/05-docs/ml-sagemaker/whatis.md,2026-09-11T01:38:55+00:00
02-biblioteca-servicios,LIB-studio-tasks-stop-training-job,D3,Machine Learning,Amazon SageMaker,Stop a Training Job,https://docs.aws.amazon.com/sagemaker/latest/dg/studio-tasks-stop-training-job.html,ok,bronze/02-biblioteca-servicios/05-docs/ml-sagemaker/studio-tasks-stop-training-job.html,bronze/02-biblioteca-servicios/05-docs/ml-sagemaker/studio-tasks-stop-training-job.md,2026-09-11T01:38:55+00:00
02-biblioteca-servicios,LIB-canvas-deploy-model,D3,Machine Learning,Amazon SageMaker,Deploy your models to an endpoint,https://docs.aws.amazon.com/sagemaker/latest/dg/canvas-deploy-model.html,ok,bronze/02-biblioteca-servicios/05-docs/ml-sagemaker/canvas-deploy-model.html,bronze/02-biblioteca-servicios/05-docs/ml-sagemaker/canvas-deploy-model.md,2026-09-11T01:38:55+00:00
02-biblioteca-servicios,LIB-amazon-sagemaker,D3,Machine Learning,Amazon SageMaker,FAQ oficial,https://aws.amazon.com/sagemaker/faqs/,ok,bronze/02-biblioteca-servicios/04-faqs/amazon-sagemaker.html,bronze/02-biblioteca-servicios/04-faqs/amazon-sagemaker.md,2026-09-11T01:38:56+00:00
02-biblioteca-servicios,LIB-what-is,D2,Machine Learning,Amazon Translate,What is Amazon Translate?,https://docs.aws.amazon.com/translate/latest/dg/what-is.html,ok,bronze/02-biblioteca-servicios/05-docs/ml-translate/what-is.html,bronze/02-biblioteca-servicios/05-docs/ml-translate/what-is.md,2026-09-11T01:38:57+00:00
02-biblioteca-servicios,LIB-amazon-translate,D2,Machine Learning,Amazon Translate,FAQ oficial,https://aws.amazon.com/translate/faqs/,ok,bronze/02-biblioteca-servicios/04-faqs/amazon-translate.html,bronze/02-biblioteca-servicios/04-faqs/amazon-translate.md,2026-09-11T01:38:57+00:00
02-biblioteca-servicios,LIB-aws-cloudtrail,D1,Management and Governance,AWS CloudTrail,,https://docs.aws.amazon.com/cloudtrail/latest/userguide/welcome.html,failed,,,2026-09-11T01:39:06+00:00
02-biblioteca-servicios,LIB-aws-cloudtrail,D1,Management and Governance,AWS CloudTrail,FAQ oficial,https://aws.amazon.com/cloudtrail/faqs/,ok,bronze/02-biblioteca-servicios/04-faqs/aws-cloudtrail.html,bronze/02-biblioteca-servicios/04-faqs/aws-cloudtrail.md,2026-09-11T01:39:07+00:00
02-biblioteca-servicios,LIB-what-is-amazon-managed-service-prometheus,D2,Management and Governance,Amazon Managed Service for Prometheus,What is Amazon Managed Service for Prometheus?,https://docs.aws.amazon.com/prometheus/latest/userguide/what-is-Amazon-Managed-Service-Prometheus.html,ok,bronze/02-biblioteca-servicios/05-docs/mgmt-prometheus/what-is-amazon-managed-service-prometheus.html,bronze/02-biblioteca-servicios/05-docs/mgmt-prometheus/what-is-amazon-managed-service-prometheus.md,2026-09-11T01:39:08+00:00
02-biblioteca-servicios,LIB-amazon-managed-service-for-prometheus,D2,Management and Governance,Amazon Managed Service for Prometheus,FAQ oficial,https://aws.amazon.com/prometheus/faqs/,ok,bronze/02-biblioteca-servicios/04-faqs/amazon-managed-service-for-prometheus.html,bronze/02-biblioteca-servicios/04-faqs/amazon-managed-service-for-prometheus.md,2026-09-11T01:39:09+00:00
02-biblioteca-servicios,LIB-aws-management-console,D4,Management and Governance,AWS Management Console,FAQ oficial,https://aws.amazon.com/console/faqs/,failed,,,2026-09-11T01:39:09+00:00
02-biblioteca-servicios,LIB-getstarted-portfolio,D1;D2,Management and Governance,AWS Service Catalog,Step 3: Create a portfolio,https://docs.aws.amazon.com/servicecatalog/latest/adminguide/getstarted-portfolio.html,ok,bronze/02-biblioteca-servicios/05-docs/mgmt-servicecatalog/getstarted-portfolio.html,bronze/02-biblioteca-servicios/05-docs/mgmt-servicecatalog/getstarted-portfolio.md,2026-09-11T01:39:10+00:00
02-biblioteca-servicios,LIB-getstarted-cfn,D1;D2,Management and Governance,AWS Service Catalog,Getting started with an CloudFormation product,https://docs.aws.amazon.com/servicecatalog/latest/adminguide/getstarted-CFN.html,ok,bronze/02-biblioteca-servicios/05-docs/mgmt-servicecatalog/getstarted-cfn.html,bronze/02-biblioteca-servicios/05-docs/mgmt-servicecatalog/getstarted-cfn.md,2026-09-11T01:39:10+00:00
02-biblioteca-servicios,LIB-getstarted-constraint,D1;D2,Management and Governance,AWS Service Catalog,Step 5: Add a template constraint,https://docs.aws.amazon.com/servicecatalog/latest/adminguide/getstarted-constraint.html,ok,bronze/02-biblioteca-servicios/05-docs/mgmt-servicecatalog/getstarted-constraint.html,bronze/02-biblioteca-servicios/05-docs/mgmt-servicecatalog/getstarted-constraint.md,2026-09-11T01:39:10+00:00
02-biblioteca-servicios,LIB-introduction,D1;D2,Management and Governance,AWS Service Catalog,What Is Service Catalog?,https://docs.aws.amazon.com/servicecatalog/latest/adminguide/introduction.html,ok,bronze/02-biblioteca-servicios/05-docs/mgmt-servicecatalog/introduction.html,bronze/02-biblioteca-servicios/05-docs/mgmt-servicecatalog/introduction.md,2026-09-11T01:39:10+00:00
02-biblioteca-servicios,LIB-aws-service-catalog,D1;D2,Management and Governance,AWS Service Catalog,FAQ oficial,https://aws.amazon.com/servicecatalog/faqs/,ok,bronze/02-biblioteca-servicios/04-faqs/aws-service-catalog.html,bronze/02-biblioteca-servicios/04-faqs/aws-service-catalog.md,2026-09-11T01:39:11+00:00
02-biblioteca-servicios,LIB-aws-snow-family,D2;D3;D4,Migration and Transfer,AWS Snow Family,,https://docs.aws.amazon.com/snowball/latest/developerguide/welcome.html,failed,,,2026-09-11T01:39:19+00:00
02-biblioteca-servicios,LIB-aws-snow-family,D2;D3;D4,Migration and Transfer,AWS Snow Family,FAQ oficial,https://aws.amazon.com/snow/faqs/,failed,,,2026-09-11T01:39:20+00:00
02-biblioteca-servicios,LIB-what-is,D1,Networking and Content Delivery,AWS Client VPN,What is AWS Client VPN?,https://docs.aws.amazon.com/vpn/latest/clientvpn-admin/what-is.html,ok,bronze/02-biblioteca-servicios/05-docs/network-clientvpn/what-is.html,bronze/02-biblioteca-servicios/05-docs/network-clientvpn/what-is.md,2026-09-11T01:39:21+00:00
02-biblioteca-servicios,LIB-client-auth-rule-create,D1,Networking and Content Delivery,AWS Client VPN,Create an endpoint security group rule,https://docs.aws.amazon.com/vpn/latest/clientvpn-admin/client-auth-rule-create.html,ok,bronze/02-biblioteca-servicios/05-docs/network-clientvpn/client-auth-rule-create.html,bronze/02-biblioteca-servicios/05-docs/network-clientvpn/client-auth-rule-create.md,2026-09-11T01:39:21+00:00
02-biblioteca-servicios,LIB-cvpn-working-rules,D1,Networking and Content Delivery,AWS Client VPN,Authorization rules,https://docs.aws.amazon.com/vpn/latest/clientvpn-admin/cvpn-working-rules.html,ok,bronze/02-biblioteca-servicios/05-docs/network-clientvpn/cvpn-working-rules.html,bronze/02-biblioteca-servicios/05-docs/network-clientvpn/cvpn-working-rules.md,2026-09-11T01:39:21+00:00
02-biblioteca-servicios,LIB-aws-client-vpn,D1,Networking and Content Delivery,AWS Client VPN,FAQ oficial,https://aws.amazon.com/vpn/client-vpn/faqs/,failed,,,2026-09-11T01:39:23+00:00
02-biblioteca-servicios,LIB-what-is-privatelink,D1;D3,Networking and Content Delivery,AWS PrivateLink,What is AWS PrivateLink?,https://docs.aws.amazon.com/vpc/latest/privatelink/what-is-privatelink.html,ok,bronze/02-biblioteca-servicios/05-docs/network-privatelink/what-is-privatelink.html,bronze/02-biblioteca-servicios/05-docs/network-privatelink/what-is-privatelink.md,2026-09-11T01:39:24+00:00
02-biblioteca-servicios,LIB-gateway-endpoints,D1;D3,Networking and Content Delivery,AWS PrivateLink,Gateway endpoints,https://docs.aws.amazon.com/vpc/latest/privatelink/gateway-endpoints.html,ok,bronze/02-biblioteca-servicios/05-docs/network-privatelink/gateway-endpoints.html,bronze/02-biblioteca-servicios/05-docs/network-privatelink/gateway-endpoints.md,2026-09-11T01:39:24+00:00
02-biblioteca-servicios,LIB-interface-endpoints,D1;D3,Networking and Content Delivery,AWS PrivateLink,Configure an interface endpoint,https://docs.aws.amazon.com/vpc/latest/privatelink/interface-endpoints.html,ok,bronze/02-biblioteca-servicios/05-docs/network-privatelink/interface-endpoints.html,bronze/02-biblioteca-servicios/05-docs/network-privatelink/interface-endpoints.md,2026-09-11T01:39:24+00:00
02-biblioteca-servicios,LIB-create-interface-endpoint,D1;D3,Networking and Content Delivery,AWS PrivateLink,Create an interface endpoint,https://docs.aws.amazon.com/vpc/latest/privatelink/create-interface-endpoint.html,ok,bronze/02-biblioteca-servicios/05-docs/network-privatelink/create-interface-endpoint.html,bronze/02-biblioteca-servicios/05-docs/network-privatelink/create-interface-endpoint.md,2026-09-11T01:39:24+00:00
02-biblioteca-servicios,LIB-aws-privatelink,D1;D3,Networking and Content Delivery,AWS PrivateLink,FAQ oficial,https://aws.amazon.com/privatelink/faqs/,ok,bronze/02-biblioteca-servicios/04-faqs/aws-privatelink.html,bronze/02-biblioteca-servicios/04-faqs/aws-privatelink.md,2026-09-11T01:39:24+00:00
02-biblioteca-servicios,LIB-domain-ownership-validation,D1,"Security, Identity, and Compliance",AWS Certificate Manager (ACM),Certificate validation,https://docs.aws.amazon.com/acm/latest/userguide/domain-ownership-validation.html,ok,bronze/02-biblioteca-servicios/05-docs/security-acm/domain-ownership-validation.html,bronze/02-biblioteca-servicios/05-docs/security-acm/domain-ownership-validation.md,2026-09-11T01:39:25+00:00
02-biblioteca-servicios,LIB-service-options,D1,"Security, Identity, and Compliance",AWS Certificate Manager (ACM),Choosing how to issue certificates with AWS,https://docs.aws.amazon.com/acm/latest/userguide/service-options.html,ok,bronze/02-biblioteca-servicios/05-docs/security-acm/service-options.html,bronze/02-biblioteca-servicios/05-docs/security-acm/service-options.md,2026-09-11T01:39:25+00:00
02-biblioteca-servicios,LIB-configure-auto-renewals-events,D1,"Security, Identity, and Compliance",AWS Certificate Manager (ACM),Configure automatic renewal events,https://docs.aws.amazon.com/acm/latest/userguide/configure-auto-renewals-events.html,ok,bronze/02-biblioteca-servicios/05-docs/security-acm/configure-auto-renewals-events.html,bronze/02-biblioteca-servicios/05-docs/security-acm/configure-auto-renewals-events.md,2026-09-11T01:39:25+00:00
02-biblioteca-servicios,LIB-import-certificate,D1,"Security, Identity, and Compliance",AWS Certificate Manager (ACM),Imported certificates,https://docs.aws.amazon.com/acm/latest/userguide/import-certificate.html,ok,bronze/02-biblioteca-servicios/05-docs/security-acm/import-certificate.html,bronze/02-biblioteca-servicios/05-docs/security-acm/import-certificate.md,2026-09-11T01:39:25+00:00
02-biblioteca-servicios,LIB-aws-certificate-manager-acm,D1,"Security, Identity, and Compliance",AWS Certificate Manager (ACM),FAQ oficial,https://aws.amazon.com/certificate-manager/faqs/,ok,bronze/02-biblioteca-servicios/04-faqs/aws-certificate-manager-acm.html,bronze/02-biblioteca-servicios/04-faqs/aws-certificate-manager-acm.md,2026-09-11T01:39:26+00:00
02-biblioteca-servicios,LIB-getting-started-user-pools,D1,"Security, Identity, and Compliance",Amazon Cognito,Getting started with user pools,https://docs.aws.amazon.com/cognito/latest/developerguide/getting-started-user-pools.html,ok,bronze/02-biblioteca-servicios/05-docs/security-cognito/getting-started-user-pools.html,bronze/02-biblioteca-servicios/05-docs/security-cognito/getting-started-user-pools.md,2026-09-11T01:39:27+00:00
02-biblioteca-servicios,LIB-hosted-ui-classic-branding,D1,"Security, Identity, and Compliance",Amazon Cognito,Hosted UI (classic) branding,https://docs.aws.amazon.com/cognito/latest/developerguide/hosted-ui-classic-branding.html,ok,bronze/02-biblioteca-servicios/05-docs/security-cognito/hosted-ui-classic-branding.html,bronze/02-biblioteca-servicios/05-docs/security-cognito/hosted-ui-classic-branding.md,2026-09-11T01:39:27+00:00
02-biblioteca-servicios,LIB-cognito-user-pools-identity-federation-consolidate-users,D1,"Security, Identity, and Compliance",Amazon Cognito,Linking federated users,https://docs.aws.amazon.com/cognito/latest/developerguide/cognito-user-pools-identity-federation-consolidate-users.html,ok,bronze/02-biblioteca-servicios/05-docs/security-cognito/cognito-user-pools-identity-federation-consolidate-users.html,bronze/02-biblioteca-servicios/05-docs/security-cognito/cognito-user-pools-identity-federation-consolidate-users.md,2026-09-11T01:39:27+00:00
02-biblioteca-servicios,LIB-what-is-amazon-cognito,D1,"Security, Identity, and Compliance",Amazon Cognito,What is Amazon Cognito?,https://docs.aws.amazon.com/cognito/latest/developerguide/what-is-amazon-cognito.html,ok,bronze/02-biblioteca-servicios/05-docs/security-cognito/what-is-amazon-cognito.html,bronze/02-biblioteca-servicios/05-docs/security-cognito/what-is-amazon-cognito.md,2026-09-11T01:39:27+00:00
02-biblioteca-servicios,LIB-amazon-cognito-user-pools-using-tokens-verifying-a-jwt,D1,"Security, Identity, and Compliance",Amazon Cognito,Verifying a JSON Web Token,https://docs.aws.amazon.com/cognito/latest/developerguide/amazon-cognito-user-pools-using-tokens-verifying-a-jwt.html,ok,bronze/02-biblioteca-servicios/05-docs/security-cognito/amazon-cognito-user-pools-using-tokens-verifying-a-jwt.html,bronze/02-biblioteca-servicios/05-docs/security-cognito/amazon-cognito-user-pools-using-tokens-verifying-a-jwt.md,2026-09-11T01:39:27+00:00
02-biblioteca-servicios,LIB-getting-started-with-identity-pools,D1,"Security, Identity, and Compliance",Amazon Cognito,Getting started with identity pools,https://docs.aws.amazon.com/cognito/latest/developerguide/getting-started-with-identity-pools.html,ok,bronze/02-biblioteca-servicios/05-docs/security-cognito/getting-started-with-identity-pools.html,bronze/02-biblioteca-servicios/05-docs/security-cognito/getting-started-with-identity-pools.md,2026-09-11T01:39:27+00:00
02-biblioteca-servicios,LIB-cognito-user-pool-settings-adaptive-authentication,D1,"Security, Identity, and Compliance",Amazon Cognito,Adaptive authentication,https://docs.aws.amazon.com/cognito/latest/developerguide/cognito-user-pool-settings-adaptive-authentication.html,ok,bronze/02-biblioteca-servicios/05-docs/security-cognito/cognito-user-pool-settings-adaptive-authentication.html,bronze/02-biblioteca-servicios/05-docs/security-cognito/cognito-user-pool-settings-adaptive-authentication.md,2026-09-11T01:39:27+00:00
02-biblioteca-servicios,LIB-cognito-identity-provider-example-cognito-identity-provider-,D1,"Security, Identity, and Compliance",Amazon Cognito,Sign up a user with a user pool that requires MFA,https://docs.aws.amazon.com/cognito/latest/developerguide/cognito-identity-provider_example_cognito-identity-provider_Scenario_SignUpUserWithMfa_section.html,ok,bronze/02-biblioteca-servicios/05-docs/security-cognito/cognito-identity-provider-example-cognito-identity-provider-scenario-signupuserwithmfa-sec.html,bronze/02-biblioteca-servicios/05-docs/security-cognito/cognito-identity-provider-example-cognito-identity-provider-scenario-signupuserwithmfa-sec.md,2026-09-11T01:39:27+00:00
02-biblioteca-servicios,LIB-amazon-cognito,D1,"Security, Identity, and Compliance",Amazon Cognito,FAQ oficial,https://aws.amazon.com/cognito/faqs/,ok,bronze/02-biblioteca-servicios/04-faqs/amazon-cognito.html,bronze/02-biblioteca-servicios/04-faqs/amazon-cognito.md,2026-09-11T01:39:27+00:00
02-biblioteca-servicios,LIB-cli-configure-role,D1,"Security, Identity, and Compliance",AWS Identity and Access Management (IAM),IAM roles,https://docs.aws.amazon.com/IAM/latest/UserGuide/cli-configure-role.html,url-solo,,,2026-09-11T01:39:30+00:00
02-biblioteca-servicios,LIB-cli-services-ec2-sg,D1,"Security, Identity, and Compliance",AWS Identity and Access Management (IAM),Amazon EC2 Security Groups,https://docs.aws.amazon.com/IAM/latest/UserGuide/cli-services-ec2-sg.html,url-solo,,,2026-09-11T01:39:30+00:00
02-biblioteca-servicios,LIB-cli-outposts-code-examples,D1,"Security, Identity, and Compliance",AWS Identity and Access Management (IAM),AWS Outposts,https://docs.aws.amazon.com/IAM/latest/UserGuide/cli_outposts_code_examples.html,url-solo,,,2026-09-11T01:39:30+00:00
02-biblioteca-servicios,LIB-cli-chap-welcome,D1,"Security, Identity, and Compliance",AWS Identity and Access Management (IAM),About the AWS CLI,https://docs.aws.amazon.com/IAM/latest/UserGuide/cli-chap-welcome.html,url-solo,,,2026-09-11T01:39:30+00:00
02-biblioteca-servicios,LIB-cli-authentication-user,D1,"Security, Identity, and Compliance",AWS Identity and Access Management (IAM),IAM users,https://docs.aws.amazon.com/IAM/latest/UserGuide/cli-authentication-user.html,url-solo,,,2026-09-11T01:39:30+00:00
02-biblioteca-servicios,LIB-cli-accessanalyzer-code-examples,D1,"Security, Identity, and Compliance",AWS Identity and Access Management (IAM),IAM Access Analyzer,https://docs.aws.amazon.com/IAM/latest/UserGuide/cli_accessanalyzer_code_examples.html,url-solo,,,2026-09-11T01:39:30+00:00
02-biblioteca-servicios,LIB-aws-identity-and-access-management-iam,D1,"Security, Identity, and Compliance",AWS Identity and Access Management (IAM),FAQ oficial,https://aws.amazon.com/iam/faqs/,ok,bronze/02-biblioteca-servicios/04-faqs/aws-identity-and-access-management-iam.html,bronze/02-biblioteca-servicios/04-faqs/aws-identity-and-access-management-iam.md,2026-09-11T01:39:30+00:00
02-biblioteca-servicios,LIB-key-policies,D1,"Security, Identity, and Compliance",AWS Key Management Service (KMS),Key policies,https://docs.aws.amazon.com/kms/latest/developerguide/key-policies.html,ok,bronze/02-biblioteca-servicios/05-docs/security-kms/key-policies.html,bronze/02-biblioteca-servicios/05-docs/security-kms/key-policies.md,2026-09-11T01:39:31+00:00
02-biblioteca-servicios,LIB-rotating-keys-enable,D1,"Security, Identity, and Compliance",AWS Key Management Service (KMS),Enable automatic key rotation,https://docs.aws.amazon.com/kms/latest/developerguide/rotating-keys-enable.html,ok,bronze/02-biblioteca-servicios/05-docs/security-kms/rotating-keys-enable.html,bronze/02-biblioteca-servicios/05-docs/security-kms/rotating-keys-enable.md,2026-09-11T01:39:31+00:00
02-biblioteca-servicios,LIB-multi-region-keys-overview,D1,"Security, Identity, and Compliance",AWS Key Management Service (KMS),Multi-Region keys,https://docs.aws.amazon.com/kms/latest/developerguide/multi-region-keys-overview.html,ok,bronze/02-biblioteca-servicios/05-docs/security-kms/multi-region-keys-overview.html,bronze/02-biblioteca-servicios/05-docs/security-kms/multi-region-keys-overview.md,2026-09-11T01:39:31+00:00
02-biblioteca-servicios,LIB-grants,D1,"Security, Identity, and Compliance",AWS Key Management Service (KMS),Grants,https://docs.aws.amazon.com/kms/latest/developerguide/grants.html,ok,bronze/02-biblioteca-servicios/05-docs/security-kms/grants.html,bronze/02-biblioteca-servicios/05-docs/security-kms/grants.md,2026-09-11T01:39:31+00:00
02-biblioteca-servicios,LIB-ct-connect-keystore,D1,"Security, Identity, and Compliance",AWS Key Management Service (KMS),ConnectCustomKeyStore,https://docs.aws.amazon.com/kms/latest/developerguide/ct-connect-keystore.html,ok,bronze/02-biblioteca-servicios/05-docs/security-kms/ct-connect-keystore.html,bronze/02-biblioteca-servicios/05-docs/security-kms/ct-connect-keystore.md,2026-09-11T01:39:31+00:00
02-biblioteca-servicios,LIB-aws-key-management-service-kms,D1,"Security, Identity, and Compliance",AWS Key Management Service (KMS),FAQ oficial,https://aws.amazon.com/kms/faqs/,ok,bronze/02-biblioteca-servicios/04-faqs/aws-key-management-service-kms.html,bronze/02-biblioteca-servicios/04-faqs/aws-key-management-service-kms.md,2026-09-11T01:39:32+00:00
02-biblioteca-servicios,LIB-welcome,D1,"Security, Identity, and Compliance",Amazon Macie,,https://docs.aws.amazon.com/macie/latest/userguide/welcome.html,ok,bronze/02-biblioteca-servicios/05-docs/security-macie/welcome.html,bronze/02-biblioteca-servicios/05-docs/security-macie/welcome.md,2026-09-11T01:39:34+00:00
02-biblioteca-servicios,LIB-amazon-macie,D1,"Security, Identity, and Compliance",Amazon Macie,FAQ oficial,https://aws.amazon.com/macie/faqs/,failed,,,2026-09-11T01:39:36+00:00
02-biblioteca-servicios,LIB-example-glacier-describejob-section,D2;D3;D4,Storage,Amazon S3 Glacier,DescribeJob,https://docs.aws.amazon.com/amazonglacier/latest/dev/example_glacier_DescribeJob_section.html,ok,bronze/02-biblioteca-servicios/05-docs/storage-glacier/example-glacier-describejob-section.html,bronze/02-biblioteca-servicios/05-docs/storage-glacier/example-glacier-describejob-section.md,2026-09-11T01:39:36+00:00
02-biblioteca-servicios,LIB-introduction,D2;D3;D4,Storage,Amazon S3 Glacier,What Is Amazon Glacier?,https://docs.aws.amazon.com/amazonglacier/latest/dev/introduction.html,ok,bronze/02-biblioteca-servicios/05-docs/storage-glacier/introduction.html,bronze/02-biblioteca-servicios/05-docs/storage-glacier/introduction.md,2026-09-11T01:39:37+00:00
02-biblioteca-servicios,LIB-getting-started-upload-archive,D2;D3;D4,Storage,Amazon S3 Glacier,Step 3: Upload an Archive to a Vault,https://docs.aws.amazon.com/amazonglacier/latest/dev/getting-started-upload-archive.html,ok,bronze/02-biblioteca-servicios/05-docs/storage-glacier/getting-started-upload-archive.html,bronze/02-biblioteca-servicios/05-docs/storage-glacier/getting-started-upload-archive.md,2026-09-11T01:39:37+00:00
02-biblioteca-servicios,LIB-data-retrieval-policy,D2;D3;D4,Storage,Amazon S3 Glacier,Data Retrieval Policies,https://docs.aws.amazon.com/amazonglacier/latest/dev/data-retrieval-policy.html,ok,bronze/02-biblioteca-servicios/05-docs/storage-glacier/data-retrieval-policy.html,bronze/02-biblioteca-servicios/05-docs/storage-glacier/data-retrieval-policy.md,2026-09-11T01:39:37+00:00
02-biblioteca-servicios,LIB-getting-started-create-vault,D2;D3;D4,Storage,Amazon S3 Glacier,Step 2: Create a Vault,https://docs.aws.amazon.com/amazonglacier/latest/dev/getting-started-create-vault.html,ok,bronze/02-biblioteca-servicios/05-docs/storage-glacier/getting-started-create-vault.html,bronze/02-biblioteca-servicios/05-docs/storage-glacier/getting-started-create-vault.md,2026-09-11T01:39:37+00:00
02-biblioteca-servicios,LIB-amazon-s3-glacier,D2;D3;D4,Storage,Amazon S3 Glacier,FAQ oficial,https://aws.amazon.com/glacier/faqs/,ok,bronze/02-biblioteca-servicios/04-faqs/amazon-s3-glacier.html,bronze/02-biblioteca-servicios/04-faqs/amazon-s3-glacier.md,2026-09-11T01:39:39+00:00
02-biblioteca-servicios,LIB-disaster-recovery-workloads-on-aws,D2,Whitepaper,Disaster Recovery of Workloads on AWS (whitepaper),Abstract,https://docs.aws.amazon.com/whitepapers/latest/disaster-recovery-workloads-on-aws/disaster-recovery-workloads-on-aws.html,ok,bronze/02-biblioteca-servicios/03-whitepapers/dr-whitepaper/disaster-recovery-workloads-on-aws.html,bronze/02-biblioteca-servicios/03-whitepapers/dr-whitepaper/disaster-recovery-workloads-on-aws.md,2026-09-11T01:39:40+00:00
02-biblioteca-servicios,LIB-high-availability-is-not-disaster-recovery,D2,Whitepaper,Disaster Recovery of Workloads on AWS (whitepaper),High availability is not disaster recovery,https://docs.aws.amazon.com/whitepapers/latest/disaster-recovery-workloads-on-aws/high-availability-is-not-disaster-recovery.html,ok,bronze/02-biblioteca-servicios/03-whitepapers/dr-whitepaper/high-availability-is-not-disaster-recovery.html,bronze/02-biblioteca-servicios/03-whitepapers/dr-whitepaper/high-availability-is-not-disaster-recovery.md,2026-09-11T01:39:40+00:00
02-biblioteca-servicios,LIB-overview-of-amazon-web-services-whitepaper,D1;D2;D3;D4,Whitepaper,Overview of Amazon Web Services (whitepaper),,https://docs.aws.amazon.com/whitepapers/latest/aws-overview-introduction/welcome.html,failed,,,2026-09-11T01:39:49+00:00
02-biblioteca-servicios,LIB-exam-guide-pdf,,,exam-guide-pdf,SAA-C03 Exam Guide (PDF v1.1),https://d1.awsstatic.com/training-and-certification/docs-sa-assoc/AWS-Certified-Solutions-Architect-Associate_Exam-Guide.pdf,ok-existing,,,2026-09-11T01:39:49+00:00
02-biblioteca-servicios,LIB-sg-solutions-architect-associate-03-domain4,,,sg-solutions-architect-associate-03-domain4,Content Domain 4: Design Cost-Optimized Architectures,https://docs.aws.amazon.com/aws-certification/latest/solutions-architect-associate-03/solutions-architect-associate-03-domain4.html,ok-existing,,,2026-09-11T01:39:49+00:00
02-biblioteca-servicios,LIB-sg-saa-technologies-concepts,,,sg-saa-technologies-concepts,Technologies and Concepts,https://docs.aws.amazon.com/aws-certification/latest/solutions-architect-associate-03/saa-technologies-concepts.html,ok-existing,,,2026-09-11T01:39:49+00:00
02-biblioteca-servicios,LIB-wa-general-design-principles,,,wa-general-design-principles,Well-Architected Framework — General design principles,https://docs.aws.amazon.com/wellarchitected/latest/framework/general-design-principles.html,ok-existing,,,2026-09-11T01:39:50+00:00
02-biblioteca-servicios,LIB-wa-oe-bp,,,wa-oe-bp,Well-Architected Framework — Best practices,https://docs.aws.amazon.com/wellarchitected/latest/framework/oe-bp.html,ok,,,2026-09-11T01:39:50+00:00
02-biblioteca-servicios,LIB-wa-oe-resources,,,wa-oe-resources,Well-Architected Framework — Resources,https://docs.aws.amazon.com/wellarchitected/latest/framework/oe-resources.html,ok,,,2026-09-11T01:39:50+00:00
02-biblioteca-servicios,LIB-wa-sec-security,,,wa-sec-security,Well-Architected Framework — Security foundations,https://docs.aws.amazon.com/wellarchitected/latest/framework/sec-security.html,ok,,,2026-09-11T01:39:51+00:00
02-biblioteca-servicios,LIB-wa-sec-incresp,,,wa-sec-incresp,Well-Architected Framework — Incident response,https://docs.aws.amazon.com/wellarchitected/latest/framework/sec-incresp.html,ok,,,2026-09-11T01:39:51+00:00
02-biblioteca-servicios,LIB-wa-rel-def,,,wa-rel-def,Well-Architected Framework — Definition,https://docs.aws.amazon.com/wellarchitected/latest/framework/rel-def.html,ok,,,2026-09-11T01:39:51+00:00
02-biblioteca-servicios,LIB-wa-rel-failmgmt,,,wa-rel-failmgmt,Well-Architected Framework — Failure management,https://docs.aws.amazon.com/wellarchitected/latest/framework/rel-failmgmt.html,ok,,,2026-09-11T01:39:52+00:00
02-biblioteca-servicios,LIB-wa-perf-bp,,,wa-perf-bp,Well-Architected Framework — Best practices,https://docs.aws.amazon.com/wellarchitected/latest/framework/perf-bp.html,ok,,,2026-09-11T01:39:52+00:00
02-biblioteca-servicios,LIB-wa-perf-process,,,wa-perf-process,Well-Architected Framework — Process and culture,https://docs.aws.amazon.com/wellarchitected/latest/framework/perf-process.html,ok,,,2026-09-11T01:39:52+00:00
02-biblioteca-servicios,LIB-wa-cost-bp,,,wa-cost-bp,Well-Architected Framework — Best practices,https://docs.aws.amazon.com/wellarchitected/latest/framework/cost-bp.html,ok,,,2026-09-11T01:39:53+00:00
02-biblioteca-servicios,LIB-wa-cost-opti,,,wa-cost-opti,Well-Architected Framework — Optimize over time,https://docs.aws.amazon.com/wellarchitected/latest/framework/cost-opti.html,ok,,,2026-09-11T01:39:53+00:00
02-biblioteca-servicios,LIB-wa-sus-bp,,,wa-sus-bp,Well-Architected Framework — Best practices,https://docs.aws.amazon.com/wellarchitected/latest/framework/sus-bp.html,ok,,,2026-09-11T01:39:53+00:00
02-biblioteca-servicios,LIB-wa-sus-hardware-patterns,,,wa-sus-hardware-patterns,Well-Architected Framework — Hardware and services,https://docs.aws.amazon.com/wellarchitected/latest/framework/sus-hardware-patterns.html,ok,,,2026-09-11T01:39:54+00:00
02-biblioteca-servicios,LIB-wa-contributors,,,wa-contributors,Well-Architected Framework — Contributors,https://docs.aws.amazon.com/wellarchitected/latest/framework/contributors.html,ok,,,2026-09-11T01:39:54+00:00
02-biblioteca-servicios,LIB-what-is-lake-formation,D1;D3,Analytics,AWS Lake Formation,What is AWS Lake Formation?,https://docs.aws.amazon.com/lake-formation/latest/dg/what-is-lake-formation.html,ok,bronze/02-biblioteca-servicios/05-docs/analytics-lake-formation/what-is-lake-formation.html,bronze/02-biblioteca-servicios/05-docs/analytics-lake-formation/what-is-lake-formation.md,2026-09-11T01:50:22+00:00
02-biblioteca-servicios,LIB-ce-forecast,D4,AWS Cost Management,AWS Budgets,Forecasting,https://docs.aws.amazon.com/cost-management/latest/userguide/ce-forecast.html,ok,bronze/02-biblioteca-servicios/05-docs/cost-budgets/ce-forecast.html,bronze/02-biblioteca-servicios/05-docs/cost-budgets/ce-forecast.md,2026-09-11T01:50:23+00:00
02-biblioteca-servicios,LIB-sns-alert-chime,D4,AWS Cost Management,AWS Budgets,Receiving budget alerts in chat applications,https://docs.aws.amazon.com/cost-management/latest/userguide/sns-alert-chime.html,ok,bronze/02-biblioteca-servicios/05-docs/cost-budgets/sns-alert-chime.html,bronze/02-biblioteca-servicios/05-docs/cost-budgets/sns-alert-chime.md,2026-09-11T01:50:23+00:00
02-biblioteca-servicios,LIB-access-data-budgets,D4,AWS Cost Management,AWS Budgets,Viewing and creating budgets using billing views,https://docs.aws.amazon.com/cost-management/latest/userguide/access-data-budgets.html,ok,bronze/02-biblioteca-servicios/05-docs/cost-budgets/access-data-budgets.html,bronze/02-biblioteca-servicios/05-docs/cost-budgets/access-data-budgets.md,2026-09-11T01:50:23+00:00
02-biblioteca-servicios,LIB-what-is-application-auto-scaling,D3,Compute,AWS Auto Scaling,What is Application Auto Scaling?,https://docs.aws.amazon.com/autoscaling/application/userguide/what-is-application-auto-scaling.html,ok,bronze/02-biblioteca-servicios/05-docs/compute-autoscaling/what-is-application-auto-scaling.html,bronze/02-biblioteca-servicios/05-docs/compute-autoscaling/what-is-application-auto-scaling.md,2026-09-11T01:50:28+00:00
02-biblioteca-servicios,LIB-application-auto-scaling-target-tracking,D3,Compute,AWS Auto Scaling,Target tracking scaling policies,https://docs.aws.amazon.com/autoscaling/application/userguide/application-auto-scaling-target-tracking.html,ok,bronze/02-biblioteca-servicios/05-docs/compute-autoscaling/application-auto-scaling-target-tracking.html,bronze/02-biblioteca-servicios/05-docs/compute-autoscaling/application-auto-scaling-target-tracking.md,2026-09-11T01:50:28+00:00
02-biblioteca-servicios,LIB-application-auto-scaling-predictive-scaling,D3,Compute,AWS Auto Scaling,Predictive scaling,https://docs.aws.amazon.com/autoscaling/application/userguide/application-auto-scaling-predictive-scaling.html,ok,bronze/02-biblioteca-servicios/05-docs/compute-autoscaling/application-auto-scaling-predictive-scaling.html,bronze/02-biblioteca-servicios/05-docs/compute-autoscaling/application-auto-scaling-predictive-scaling.md,2026-09-11T01:50:28+00:00
02-biblioteca-servicios,LIB-what-is,D2,Machine Learning,Amazon Comprehend,What is Amazon Comprehend?,https://docs.aws.amazon.com/comprehend/latest/dg/what-is.html,ok,bronze/02-biblioteca-servicios/05-docs/ml-comprehend/what-is.html,bronze/02-biblioteca-servicios/05-docs/ml-comprehend/what-is.md,2026-09-11T01:50:32+00:00
02-biblioteca-servicios,LIB-how-cloudtrail-works,D1,Management and Governance,AWS CloudTrail,How CloudTrail works,https://docs.aws.amazon.com/awscloudtrail/latest/userguide/how-cloudtrail-works.html,ok,bronze/02-biblioteca-servicios/05-docs/mgmt-cloudtrail/how-cloudtrail-works.html,bronze/02-biblioteca-servicios/05-docs/mgmt-cloudtrail/how-cloudtrail-works.md,2026-09-11T01:50:33+00:00
02-biblioteca-servicios,LIB-logging-insights-events-with-cloudtrail,D1,Management and Governance,AWS CloudTrail,Working with CloudTrail Insights,https://docs.aws.amazon.com/awscloudtrail/latest/userguide/logging-insights-events-with-cloudtrail.html,ok,bronze/02-biblioteca-servicios/05-docs/mgmt-cloudtrail/logging-insights-events-with-cloudtrail.html,bronze/02-biblioteca-servicios/05-docs/mgmt-cloudtrail/logging-insights-events-with-cloudtrail.md,2026-09-11T01:50:33+00:00
02-biblioteca-servicios,LIB-tutorial-event-history,D1,Management and Governance,AWS CloudTrail,View event history,https://docs.aws.amazon.com/awscloudtrail/latest/userguide/tutorial-event-history.html,ok,bronze/02-biblioteca-servicios/05-docs/mgmt-cloudtrail/tutorial-event-history.html,bronze/02-biblioteca-servicios/05-docs/mgmt-cloudtrail/tutorial-event-history.md,2026-09-11T01:50:33+00:00
02-biblioteca-servicios,LIB-creating-an-organizational-trail-best-practice,D1,Management and Governance,AWS CloudTrail,Moving from member account trails to organization trails,https://docs.aws.amazon.com/awscloudtrail/latest/userguide/creating-an-organizational-trail-best-practice.html,ok,bronze/02-biblioteca-servicios/05-docs/mgmt-cloudtrail/creating-an-organizational-trail-best-practice.html,bronze/02-biblioteca-servicios/05-docs/mgmt-cloudtrail/creating-an-organizational-trail-best-practice.md,2026-09-11T01:50:33+00:00
02-biblioteca-servicios,LIB-cloudwatch-dashboards,D2;D3;D4,Management and Governance,Amazon CloudWatch,Dashboards,https://docs.aws.amazon.com/AmazonCloudWatch/latest/monitoring/CloudWatch_Dashboards.html,ok,bronze/02-biblioteca-servicios/05-docs/mgmt-cloudwatch/cloudwatch-dashboards.html,bronze/02-biblioteca-servicios/05-docs/mgmt-cloudwatch/cloudwatch-dashboards.md,2026-09-11T01:50:35+00:00
02-biblioteca-servicios,LIB-create-alarm-xaxr-dashboard,D2;D3;D4,Management and Governance,Amazon CloudWatch,Adding an alarm from a different account to a cross-account dashboard,https://docs.aws.amazon.com/AmazonCloudWatch/latest/monitoring/create-alarm-xaxr-dashboard.html,ok,bronze/02-biblioteca-servicios/05-docs/mgmt-cloudwatch/create-alarm-xaxr-dashboard.html,bronze/02-biblioteca-servicios/05-docs/mgmt-cloudwatch/create-alarm-xaxr-dashboard.md,2026-09-11T01:50:35+00:00
02-biblioteca-servicios,LIB-alarm-log,D2;D3;D4,Management and Governance,Amazon CloudWatch,Log alarms,https://docs.aws.amazon.com/AmazonCloudWatch/latest/monitoring/alarm-log.html,ok,bronze/02-biblioteca-servicios/05-docs/mgmt-cloudwatch/alarm-log.html,bronze/02-biblioteca-servicios/05-docs/mgmt-cloudwatch/alarm-log.md,2026-09-11T01:50:35+00:00
02-biblioteca-servicios,LIB-containerinsights,D2;D3;D4,Management and Governance,Amazon CloudWatch,Container Insights,https://docs.aws.amazon.com/AmazonCloudWatch/latest/monitoring/ContainerInsights.html,ok,bronze/02-biblioteca-servicios/05-docs/mgmt-cloudwatch/containerinsights.html,bronze/02-biblioteca-servicios/05-docs/mgmt-cloudwatch/containerinsights.md,2026-09-11T01:50:35+00:00
02-biblioteca-servicios,LIB-add-old-metrics-to-graph,D2;D3;D4,Management and Governance,Amazon CloudWatch,Graph metrics manually on a dashboard,https://docs.aws.amazon.com/AmazonCloudWatch/latest/monitoring/add_old_metrics_to_graph.html,ok,bronze/02-biblioteca-servicios/05-docs/mgmt-cloudwatch/add-old-metrics-to-graph.html,bronze/02-biblioteca-servicios/05-docs/mgmt-cloudwatch/add-old-metrics-to-graph.md,2026-09-11T01:50:35+00:00
02-biblioteca-servicios,LIB-install-cloudwatch-observability-eks-addon,D2;D3;D4,Management and Governance,Amazon CloudWatch,Install the CloudWatch agent with the Amazon CloudWatch Observability EKS add-on or the Helm chart,https://docs.aws.amazon.com/AmazonCloudWatch/latest/monitoring/install-CloudWatch-Observability-EKS-addon.html,ok,bronze/02-biblioteca-servicios/05-docs/mgmt-cloudwatch/install-cloudwatch-observability-eks-addon.html,bronze/02-biblioteca-servicios/05-docs/mgmt-cloudwatch/install-cloudwatch-observability-eks-addon.md,2026-09-11T01:50:35+00:00
02-biblioteca-servicios,LIB-aws-management-console,D4,Management and Governance,AWS Management Console,FAQ oficial,https://aws.amazon.com/console/faq-console/,ok,bronze/02-biblioteca-servicios/04-faqs/aws-management-console.html,,2026-09-11T01:50:38+00:00
02-biblioteca-servicios,LIB-snowball-prereqs,D2;D3;D4,Migration and Transfer,AWS Snow Family,Prerequisites for using Snowball Edge,https://docs.aws.amazon.com/snowball/latest/developer-guide/snowball-prereqs.html,ok,bronze/02-biblioteca-servicios/05-docs/migration-snow/snowball-prereqs.html,bronze/02-biblioteca-servicios/05-docs/migration-snow/snowball-prereqs.md,2026-09-11T01:50:39+00:00
02-biblioteca-servicios,LIB-monitor-status,D2;D3;D4,Migration and Transfer,AWS Snow Family,Monitoring the import status,https://docs.aws.amazon.com/snowball/latest/developer-guide/monitor-status.html,ok,bronze/02-biblioteca-servicios/05-docs/migration-snow/monitor-status.html,bronze/02-biblioteca-servicios/05-docs/migration-snow/monitor-status.md,2026-09-11T01:50:39+00:00
02-biblioteca-servicios,LIB-snowball-edge-availability-change,D2;D3;D4,Migration and Transfer,AWS Snow Family,AWS Snowball Edge availability change,https://docs.aws.amazon.com/snowball/latest/developer-guide/snowball-edge-availability-change.html,ok,bronze/02-biblioteca-servicios/05-docs/migration-snow/snowball-edge-availability-change.html,bronze/02-biblioteca-servicios/05-docs/migration-snow/snowball-edge-availability-change.md,2026-09-11T01:50:39+00:00
02-biblioteca-servicios,LIB-exporttype,D2;D3;D4,Migration and Transfer,AWS Snow Family,Export jobs,https://docs.aws.amazon.com/snowball/latest/developer-guide/exporttype.html,ok,bronze/02-biblioteca-servicios/05-docs/migration-snow/exporttype.html,bronze/02-biblioteca-servicios/05-docs/migration-snow/exporttype.md,2026-09-11T01:50:39+00:00
02-biblioteca-servicios,LIB-whatisedge,D2;D3;D4,Migration and Transfer,AWS Snow Family,What is Snowball Edge?,https://docs.aws.amazon.com/snowball/latest/developer-guide/whatisedge.html,ok,bronze/02-biblioteca-servicios/05-docs/migration-snow/whatisedge.html,bronze/02-biblioteca-servicios/05-docs/migration-snow/whatisedge.md,2026-09-11T01:50:39+00:00
02-biblioteca-servicios,LIB-getting-started-standard,D2;D3;D4,Networking and Content Delivery,AWS Global Accelerator,Create a standard accelerator,https://docs.aws.amazon.com/global-accelerator/latest/dg/getting-started-standard.html,ok,bronze/02-biblioteca-servicios/05-docs/network-globalaccelerator/getting-started-standard.html,bronze/02-biblioteca-servicios/05-docs/network-globalaccelerator/getting-started-standard.md,2026-09-11T01:50:40+00:00
02-biblioteca-servicios,LIB-about-endpoint-groups,D2;D3;D4,Networking and Content Delivery,AWS Global Accelerator,Endpoint groups for standard accelerators,https://docs.aws.amazon.com/global-accelerator/latest/dg/about-endpoint-groups.html,ok,bronze/02-biblioteca-servicios/05-docs/network-globalaccelerator/about-endpoint-groups.html,bronze/02-biblioteca-servicios/05-docs/network-globalaccelerator/about-endpoint-groups.md,2026-09-11T01:50:40+00:00
02-biblioteca-servicios,LIB-about-listeners,D2;D3;D4,Networking and Content Delivery,AWS Global Accelerator,Listeners for standard accelerators,https://docs.aws.amazon.com/global-accelerator/latest/dg/about-listeners.html,ok,bronze/02-biblioteca-servicios/05-docs/network-globalaccelerator/about-listeners.html,bronze/02-biblioteca-servicios/05-docs/network-globalaccelerator/about-listeners.md,2026-09-11T01:50:40+00:00
02-biblioteca-servicios,LIB-about-endpoint-groups-traffic-dial,D2;D3;D4,Networking and Content Delivery,AWS Global Accelerator,Adjust traffic flow with traffic dials,https://docs.aws.amazon.com/global-accelerator/latest/dg/about-endpoint-groups-traffic-dial.html,ok,bronze/02-biblioteca-servicios/05-docs/network-globalaccelerator/about-endpoint-groups-traffic-dial.html,bronze/02-biblioteca-servicios/05-docs/network-globalaccelerator/about-endpoint-groups-traffic-dial.md,2026-09-11T01:50:40+00:00
02-biblioteca-servicios,LIB-vpntunnels,D1;D2;D4,Networking and Content Delivery,AWS Site-to-Site VPN,VPN tunnel options,https://docs.aws.amazon.com/vpn/latest/s2svpn/VPNTunnels.html,ok,bronze/02-biblioteca-servicios/05-docs/network-s2svpn/vpntunnels.html,bronze/02-biblioteca-servicios/05-docs/network-s2svpn/vpntunnels.md,2026-09-11T01:50:41+00:00
02-biblioteca-servicios,LIB-generic-troubleshooting,D1;D2;D4,Networking and Content Delivery,AWS Site-to-Site VPN,Device with BGP,https://docs.aws.amazon.com/vpn/latest/s2svpn/Generic_Troubleshooting.html,ok,bronze/02-biblioteca-servicios/05-docs/network-s2svpn/generic-troubleshooting.html,bronze/02-biblioteca-servicios/05-docs/network-s2svpn/generic-troubleshooting.md,2026-09-11T01:50:41+00:00
02-biblioteca-servicios,LIB-accelerated-vpn,D1;D2;D4,Networking and Content Delivery,AWS Site-to-Site VPN,Accelerated VPN connections,https://docs.aws.amazon.com/vpn/latest/s2svpn/accelerated-vpn.html,ok,bronze/02-biblioteca-servicios/05-docs/network-s2svpn/accelerated-vpn.html,bronze/02-biblioteca-servicios/05-docs/network-s2svpn/accelerated-vpn.md,2026-09-11T01:50:41+00:00
02-biblioteca-servicios,LIB-cgw-options,D1;D2;D4,Networking and Content Delivery,AWS Site-to-Site VPN,Customer gateway options,https://docs.aws.amazon.com/vpn/latest/s2svpn/cgw-options.html,ok,bronze/02-biblioteca-servicios/05-docs/network-s2svpn/cgw-options.html,bronze/02-biblioteca-servicios/05-docs/network-s2svpn/cgw-options.md,2026-09-11T01:50:41+00:00
02-biblioteca-servicios,LIB-sbom-export,D1,"Security, Identity, and Compliance",Amazon Inspector,Exporting SBOMs,https://docs.aws.amazon.com/inspector/latest/user/sbom-export.html,ok,bronze/02-biblioteca-servicios/05-docs/security-inspector/sbom-export.html,bronze/02-biblioteca-servicios/05-docs/security-inspector/sbom-export.md,2026-09-11T01:50:44+00:00
02-biblioteca-servicios,LIB-slr-permissions-agentless,D1,"Security, Identity, and Compliance",Amazon Inspector,Service-linked role permissions for Amazon Inspector agentless scans,https://docs.aws.amazon.com/inspector/latest/user/slr-permissions-agentless.html,ok,bronze/02-biblioteca-servicios/05-docs/security-inspector/slr-permissions-agentless.html,bronze/02-biblioteca-servicios/05-docs/security-inspector/slr-permissions-agentless.md,2026-09-11T01:50:44+00:00
02-biblioteca-servicios,LIB-findings-understanding,D1,"Security, Identity, and Compliance",Amazon Inspector,Understanding findings,https://docs.aws.amazon.com/inspector/latest/user/findings-understanding.html,ok,bronze/02-biblioteca-servicios/05-docs/security-inspector/findings-understanding.html,bronze/02-biblioteca-servicios/05-docs/security-inspector/findings-understanding.md,2026-09-11T01:50:44+00:00
02-biblioteca-servicios,LIB-scanning-resources,D1,"Security, Identity, and Compliance",Amazon Inspector,Automated scans,https://docs.aws.amazon.com/inspector/latest/user/scanning-resources.html,ok,bronze/02-biblioteca-servicios/05-docs/security-inspector/scanning-resources.html,bronze/02-biblioteca-servicios/05-docs/security-inspector/scanning-resources.md,2026-09-11T01:50:44+00:00
02-biblioteca-servicios,LIB-amazon-macie,D1,"Security, Identity, and Compliance",Amazon Macie,FAQ oficial,https://aws.amazon.com/macie/faq/,ok,bronze/02-biblioteca-servicios/04-faqs/amazon-macie.html,,2026-09-11T01:50:47+00:00
02-biblioteca-servicios,LIB-aws-managed-rule-groups-anti-ddos,D1,"Security, Identity, and Compliance",AWS Shield (Standard y Advanced),Anti-DDoS rule group,https://docs.aws.amazon.com/waf/latest/developerguide/aws-managed-rule-groups-anti-ddos.html,ok,bronze/02-biblioteca-servicios/05-docs/security-shield/aws-managed-rule-groups-anti-ddos.html,bronze/02-biblioteca-servicios/05-docs/security-shield/aws-managed-rule-groups-anti-ddos.md,2026-09-11T01:50:48+00:00
02-biblioteca-servicios,LIB-ddos-protection-groups,D1,"Security, Identity, and Compliance",AWS Shield (Standard y Advanced),Protection groups,https://docs.aws.amazon.com/waf/latest/developerguide/ddos-protection-groups.html,ok,bronze/02-biblioteca-servicios/05-docs/security-shield/ddos-protection-groups.html,bronze/02-biblioteca-servicios/05-docs/security-shield/ddos-protection-groups.md,2026-09-11T01:50:48+00:00
02-biblioteca-servicios,LIB-shield-chapter,D1,"Security, Identity, and Compliance",AWS Shield (Standard y Advanced),AWS Shield,https://docs.aws.amazon.com/waf/latest/developerguide/shield-chapter.html,ok,bronze/02-biblioteca-servicios/05-docs/security-shield/shield-chapter.html,bronze/02-biblioteca-servicios/05-docs/security-shield/shield-chapter.md,2026-09-11T01:50:48+00:00
02-biblioteca-servicios,LIB-authorize-srt,D1,"Security, Identity, and Compliance",AWS Shield (Standard y Advanced),Setting up SRT support,https://docs.aws.amazon.com/waf/latest/developerguide/authorize-srt.html,ok,bronze/02-biblioteca-servicios/05-docs/security-shield/authorize-srt.html,bronze/02-biblioteca-servicios/05-docs/security-shield/authorize-srt.md,2026-09-11T01:50:48+00:00
02-biblioteca-servicios,LIB-amazon-elastic-file-system-efs,D2;D3;D4,Storage,Amazon Elastic File System (EFS),FAQ oficial,https://aws.amazon.com/efs/faq/,ok,bronze/02-biblioteca-servicios/04-faqs/amazon-elastic-file-system-efs.html,bronze/02-biblioteca-servicios/04-faqs/amazon-elastic-file-system-efs.md,2026-09-11T01:50:50+00:00
02-biblioteca-servicios,LIB-amazon-fsx-lustre-windows-ontap-openzfs,D2;D3;D4,Storage,"Amazon FSx (Lustre, Windows, ONTAP, OpenZFS)",FAQ oficial,https://aws.amazon.com/fsx/windows/faqs/,ok,bronze/02-biblioteca-servicios/04-faqs/amazon-fsx-lustre-windows-ontap-openzfs.html,bronze/02-biblioteca-servicios/04-faqs/amazon-fsx-lustre-windows-ontap-openzfs.md,2026-09-11T01:50:54+00:00
02-biblioteca-servicios,LIB-aurora-faq-docs,,,aurora-faq-docs,Amazon Aurora FAQ (ubicación oficial actual en AWS Docs),https://docs.aws.amazon.com/rds/latest/auroraextendedcontent/aurora-faq.html,ok,,,2026-09-11T01:50:54+00:00
02-biblioteca-servicios,LIB-wa-homepage,,,wa-homepage,AWS Well-Architected (página oficial),https://aws.amazon.com/architecture/well-architected/,ok,,,2026-09-11T01:50:54+00:00
